[
{
  "model": "auth.group",
  "fields": {
    "name": "Преподаватели",
    "permissions": []
  }
},
{
  "model": "auth.group",
  "fields": {
    "name": "Деканы",
    "permissions": []
  }
},
{
  "model": "auth.group",
  "fields": {
    "name": "Ректорат",
    "permissions": []
  }
},
{
  "model": "auth.group",
  "fields": {
    "name": "УМО",
    "permissions": []
  }
},
{
  "model": "auth.group",
  "fields": {
    "name": "Декан",
    "permissions": []
  }
},
{
  "model": "auth.group",
  "fields": {
    "name": "Заведующий кафедрой",
    "permissions": []
  }
},
{
  "model": "auth.user",
  "fields": {
    "password": "pbkdf2_sha256$600000$VSctZD2uKFE25ZPDPf4qrL$NfbH4sS2IVZMYoIHYiZ5gSVnMlCtjROCdYPRs0q0pw4=",
    "last_login": "2026-07-19T07:55:14.387Z",
    "is_superuser": true,
    "username": "lz42",
    "first_name": "Станислав",
    "last_name": "Микулич",
    "email": "mikulich@m.msu.by",
    "is_staff": true,
    "is_active": true,
    "date_joined": "2026-07-14T14:56:29Z",
    "groups": [
      [
        "Преподаватели"
      ]
    ],
    "user_permissions": []
  }
},
{
  "model": "auth.user",
  "fields": {
    "password": "pbkdf2_sha256$600000$vFtUFSCCPqA9n3L12aZi7K$3/rKO300hXYcShonb8QQzkMaTbbiB97KTimyO5P6PsA=",
    "last_login": null,
    "is_superuser": false,
    "username": "snv123",
    "first_name": "Наталья Владимировна",
    "last_name": "Сакович",
    "email": "",
    "is_staff": false,
    "is_active": true,
    "date_joined": "2026-07-15T09:23:48Z",
    "groups": [
      [
        "Преподаватели"
      ],
      [
        "Декан"
      ]
    ],
    "user_permissions": []
  }
},
{
  "model": "auth.user",
  "fields": {
    "password": "pbkdf2_sha256$600000$aybswiNiHjwYneJAhcA6Ip$Xazbr/6DlXTLBGBGSIAH8DBdtIAdgE/a2oAhmwXdcQU=",
    "last_login": null,
    "is_superuser": false,
    "username": "aiv439",
    "first_name": "Ирина Владиславовна",
    "last_name": "Акиншева",
    "email": "",
    "is_staff": false,
    "is_active": true,
    "date_joined": "2026-07-15T09:45:37Z",
    "groups": [
      [
        "Преподаватели"
      ],
      [
        "Заведующий кафедрой"
      ]
    ],
    "user_permissions": []
  }
},
{
  "model": "sessions.session",
  "pk": "64k1b0jw5bd3zkkiqvpgktmmw5zlpmb9",
  "fields": {
    "session_data": ".eJyrVopPLC3JiC8tTi2Kz0xRslIyMVLSQRZMSkzOTs0DyRSXlKak5pUU60GFivWCISJOUCUo-jISizOUrJSUagHtJiOA:1wlMOt:zjLbmMBiHEsptJAhYId-01M57nnCFFcww0etmStIvGY",
    "expire_date": "2026-08-02T07:57:27.070Z"
  }
},
{
  "model": "sessions.session",
  "pk": "spqnwu5ksk1uv3ery4a90r23sydyjkr2",
  "fields": {
    "session_data": "e30:1wjtDJ:okbwp72sBBfA6UEBnvNxI6vRHuJknQtAglNMTMC_Kzw",
    "expire_date": "2026-07-29T06:35:25.528Z"
  }
},
{
  "model": "sessions.session",
  "pk": "waryo5zffa6hnuadyab13hdwru3n6c6q",
  "fields": {
    "session_data": ".eJyrVopPLC3JiC8tTi2Kz0xRslIyMVbSQRZMSkzOTs0DyRSXlKak5pUU60GFivWCISJOUCUo-jISizOAmpRqAe12I4E:1wkkk5:K4KeCYkz2-4RSP-fAXicELtaZpmHK6b-Olgqf1Ru8kM",
    "expire_date": "2026-07-31T15:44:49.698Z"
  }
},
{
  "model": "course.course",
  "pk": 1,
  "fields": {
    "subject": 1,
    "full_name": "Системное программирование 2026/2027",
    "short_name": "СП 2026",
    "identifier": null
  }
},
{
  "model": "course.course",
  "pk": 2,
  "fields": {
    "subject": 2,
    "full_name": "Тестирование программного обеспечения 2026",
    "short_name": "Тестирование ПО 2026",
    "identifier": null
  }
},
{
  "model": "course.course",
  "pk": 3,
  "fields": {
    "subject": 3,
    "full_name": "Теория информации 2026",
    "short_name": "Теория информации 2026",
    "identifier": "ти26"
  }
},
{
  "model": "course.courseuserpermission",
  "pk": 1,
  "fields": {
    "course": 2,
    "user": [
      "lz42"
    ],
    "permission": "full_access"
  }
},
{
  "model": "course.courseuserpermission",
  "pk": 2,
  "fields": {
    "course": 2,
    "user": [
      "snv123"
    ],
    "permission": "view"
  }
},
{
  "model": "course.courseuserpermission",
  "pk": 3,
  "fields": {
    "course": 2,
    "user": [
      "aiv439"
    ],
    "permission": "view"
  }
},
{
  "model": "course.courseuserpermission",
  "pk": 4,
  "fields": {
    "course": 3,
    "user": [
      "lz42"
    ],
    "permission": "full_access"
  }
},
{
  "model": "course.courseuserpermission",
  "pk": 5,
  "fields": {
    "course": 3,
    "user": [
      "snv123"
    ],
    "permission": "view"
  }
},
{
  "model": "course.courseuserpermission",
  "pk": 6,
  "fields": {
    "course": 3,
    "user": [
      "aiv439"
    ],
    "permission": "view"
  }
},
{
  "model": "course.courseuserpermission",
  "pk": 7,
  "fields": {
    "course": 1,
    "user": [
      "lz42"
    ],
    "permission": "full_access"
  }
},
{
  "model": "course.courseuserpermission",
  "pk": 8,
  "fields": {
    "course": 1,
    "user": [
      "aiv439"
    ],
    "permission": "view"
  }
},
{
  "model": "course.courseuserpermission",
  "pk": 9,
  "fields": {
    "course": 1,
    "user": [
      "snv123"
    ],
    "permission": "view"
  }
},
{
  "model": "course.coursegrouppermission",
  "pk": 1,
  "fields": {
    "course": 1,
    "group": [
      "Ректорат"
    ],
    "permission": "view"
  }
},
{
  "model": "course.coursegrouppermission",
  "pk": 2,
  "fields": {
    "course": 2,
    "group": [
      "Ректорат"
    ],
    "permission": "view"
  }
},
{
  "model": "course.coursegrouppermission",
  "pk": 3,
  "fields": {
    "course": 2,
    "group": [
      "УМО"
    ],
    "permission": "view"
  }
},
{
  "model": "course.coursegrouppermission",
  "pk": 4,
  "fields": {
    "course": 3,
    "group": [
      "УМО"
    ],
    "permission": "view"
  }
},
{
  "model": "course.coursegrouppermission",
  "pk": 5,
  "fields": {
    "course": 3,
    "group": [
      "Ректорат"
    ],
    "permission": "view"
  }
},
{
  "model": "course.coursegrouppermission",
  "pk": 6,
  "fields": {
    "course": 1,
    "group": [
      "УМО"
    ],
    "permission": "view"
  }
},
{
  "model": "course.coursesection",
  "pk": 1,
  "fields": {
    "course": 1,
    "name": "Пояснительный",
    "order": 1,
    "visible": false
  }
},
{
  "model": "course.coursesection",
  "pk": 2,
  "fields": {
    "course": 1,
    "name": "Теоретический",
    "order": 2,
    "visible": true
  }
},
{
  "model": "course.coursesection",
  "pk": 3,
  "fields": {
    "course": 1,
    "name": "Практический",
    "order": 3,
    "visible": true
  }
},
{
  "model": "course.coursesection",
  "pk": 4,
  "fields": {
    "course": 1,
    "name": "Контрольный",
    "order": 4,
    "visible": true
  }
},
{
  "model": "course.coursesection",
  "pk": 5,
  "fields": {
    "course": 1,
    "name": "Вспомогательный",
    "order": 5,
    "visible": false
  }
},
{
  "model": "course.coursesection",
  "pk": 7,
  "fields": {
    "course": 2,
    "name": "Пояснительный",
    "order": 1,
    "visible": true
  }
},
{
  "model": "course.coursesection",
  "pk": 8,
  "fields": {
    "course": 2,
    "name": "Теоретический",
    "order": 2,
    "visible": true
  }
},
{
  "model": "course.coursesection",
  "pk": 9,
  "fields": {
    "course": 2,
    "name": "Практический",
    "order": 3,
    "visible": true
  }
},
{
  "model": "course.coursesection",
  "pk": 10,
  "fields": {
    "course": 2,
    "name": "Контрольный",
    "order": 4,
    "visible": true
  }
},
{
  "model": "course.coursesection",
  "pk": 11,
  "fields": {
    "course": 2,
    "name": "Вспомогательный",
    "order": 5,
    "visible": true
  }
},
{
  "model": "course.coursesection",
  "pk": 12,
  "fields": {
    "course": 2,
    "name": "Преподавательский",
    "order": 6,
    "visible": true
  }
},
{
  "model": "course.coursesection",
  "pk": 13,
  "fields": {
    "course": 3,
    "name": "Пояснительный",
    "order": 1,
    "visible": true
  }
},
{
  "model": "course.coursesection",
  "pk": 14,
  "fields": {
    "course": 3,
    "name": "Теоретический",
    "order": 2,
    "visible": true
  }
},
{
  "model": "course.coursesection",
  "pk": 15,
  "fields": {
    "course": 3,
    "name": "Практический",
    "order": 3,
    "visible": true
  }
},
{
  "model": "course.coursesection",
  "pk": 16,
  "fields": {
    "course": 3,
    "name": "Контрольный",
    "order": 4,
    "visible": true
  }
},
{
  "model": "course.coursesection",
  "pk": 17,
  "fields": {
    "course": 3,
    "name": "Вспомогательный",
    "order": 5,
    "visible": true
  }
},
{
  "model": "course.coursetopic",
  "pk": 2,
  "fields": {
    "section": 1,
    "entity_title": "Учебная программа",
    "content": "Пояснительная записька",
    "order": 1,
    "visible": true
  }
},
{
  "model": "course.learningunit",
  "pk": 7,
  "fields": {
    "topic": null,
    "section": 2,
    "title": "Лекция 1",
    "content_type": "lecture",
    "file": "data/fme/ПОИТ/sp-2026/Лекция_1._Особенности_языка_программирования_С.pdf",
    "link": null,
    "order": 1,
    "visible": true,
    "grading_type": null,
    "test": null,
    "max_score": 10
  }
},
{
  "model": "course.learningunit",
  "pk": 8,
  "fields": {
    "topic": null,
    "section": 2,
    "title": "Лекция 2",
    "content_type": "lecture",
    "file": "data/fme/ПОИТ/sp-2026/Лекция_2.__Введение_в_операционную_систему_Windows.pdf",
    "link": null,
    "order": 2,
    "visible": true,
    "grading_type": null,
    "test": null,
    "max_score": 10
  }
},
{
  "model": "course.learningunit",
  "pk": 9,
  "fields": {
    "topic": null,
    "section": 2,
    "title": "Лекция 3",
    "content_type": "lecture",
    "file": "data/fme/ПОИТ/sp-2026/Лекция_3._Оконный_пользовательский_интерфейс_4ч..pdf",
    "link": null,
    "order": 3,
    "visible": true,
    "grading_type": null,
    "test": null,
    "max_score": 10
  }
},
{
  "model": "course.learningunit",
  "pk": 10,
  "fields": {
    "topic": null,
    "section": 2,
    "title": "Лекция 4",
    "content_type": "lecture",
    "file": "data/fme/ПОИТ/sp-2026/Лекця_4._Ресурсы_программ.pdf",
    "link": null,
    "order": 4,
    "visible": true,
    "grading_type": null,
    "test": null,
    "max_score": 10
  }
},
{
  "model": "course.learningunit",
  "pk": 11,
  "fields": {
    "topic": null,
    "section": 2,
    "title": "Лекция 5",
    "content_type": "lecture",
    "file": "data/fme/ПОИТ/sp-2026/Интерфейсы_графических_устройств_1.docx",
    "link": null,
    "order": 5,
    "visible": true,
    "grading_type": null,
    "test": null,
    "max_score": 10
  }
},
{
  "model": "course.learningunit",
  "pk": 12,
  "fields": {
    "topic": null,
    "section": 2,
    "title": "Лекция 6",
    "content_type": "lecture",
    "file": "data/fme/ПОИТ/sp-2026/Многозадачность_OS_Windows_1.pdf",
    "link": null,
    "order": 6,
    "visible": true,
    "grading_type": null,
    "test": null,
    "max_score": 10
  }
},
{
  "model": "course.learningunit",
  "pk": 13,
  "fields": {
    "topic": null,
    "section": 2,
    "title": "Лекция 7",
    "content_type": "lecture",
    "file": "data/fme/ПОИТ/sp-2026/Отладка_программного_обеспечения_1.docx",
    "link": null,
    "order": 7,
    "visible": true,
    "grading_type": null,
    "test": null,
    "max_score": 10
  }
},
{
  "model": "course.learningunit",
  "pk": 14,
  "fields": {
    "topic": null,
    "section": 2,
    "title": "Лекция 8",
    "content_type": "lecture",
    "file": "data/fme/ПОИТ/sp-2026/Библиотеки_DLL_1.docx",
    "link": null,
    "order": 8,
    "visible": true,
    "grading_type": null,
    "test": null,
    "max_score": 10
  }
},
{
  "model": "course.learningunit",
  "pk": 15,
  "fields": {
    "topic": null,
    "section": 2,
    "title": "Лекция 9",
    "content_type": "lecture",
    "file": "data/fme/ПОИТ/sp-2026/Отладка_в_режиме_ядра_1.docx",
    "link": null,
    "order": 9,
    "visible": true,
    "grading_type": null,
    "test": null,
    "max_score": 10
  }
},
{
  "model": "course.learningunit",
  "pk": 16,
  "fields": {
    "topic": null,
    "section": 2,
    "title": "Лекция 10",
    "content_type": "lecture",
    "file": "data/fme/ПОИТ/sp-2026/Механизмы_Ядро_1.docx",
    "link": null,
    "order": 10,
    "visible": true,
    "grading_type": null,
    "test": null,
    "max_score": 10
  }
},
{
  "model": "course.learningunit",
  "pk": 17,
  "fields": {
    "topic": null,
    "section": 4,
    "title": "Лабораторная работа №1",
    "content_type": "control",
    "file": "data/fme/ПОИТ/sp-2026/Лабораторная_работа__1.pdf",
    "link": null,
    "order": 1,
    "visible": true,
    "grading_type": "score_100",
    "test": null,
    "max_score": 10
  }
},
{
  "model": "course.learningunit",
  "pk": 18,
  "fields": {
    "topic": null,
    "section": 4,
    "title": "Лабораторная работа №2",
    "content_type": "control",
    "file": "data/fme/ПОИТ/sp-2026/Лабораторная_работа__2.pdf",
    "link": null,
    "order": 2,
    "visible": true,
    "grading_type": "score_100",
    "test": null,
    "max_score": 10
  }
},
{
  "model": "course.learningunit",
  "pk": 19,
  "fields": {
    "topic": null,
    "section": 4,
    "title": "Лабораторная работа №3",
    "content_type": "control",
    "file": "data/fme/ПОИТ/sp-2026/Лабораторная_работа__4.pdf",
    "link": null,
    "order": 3,
    "visible": true,
    "grading_type": null,
    "test": null,
    "max_score": 10
  }
},
{
  "model": "course.learningunit",
  "pk": 20,
  "fields": {
    "topic": null,
    "section": 4,
    "title": "Лабораторная работа №4",
    "content_type": "control",
    "file": "data/fme/ПОИТ/sp-2026/Лабораторная_работа__4_TuRjH7j.pdf",
    "link": null,
    "order": 4,
    "visible": true,
    "grading_type": "score_100",
    "test": null,
    "max_score": 10
  }
},
{
  "model": "course.learningunit",
  "pk": 21,
  "fields": {
    "topic": null,
    "section": 4,
    "title": "Лабораторная работа №5",
    "content_type": "control",
    "file": "data/fme/ПОИТ/sp-2026/Лабораторная_работа__5.pdf",
    "link": null,
    "order": 5,
    "visible": true,
    "grading_type": "score_100",
    "test": null,
    "max_score": 10
  }
},
{
  "model": "course.learningunit",
  "pk": 22,
  "fields": {
    "topic": null,
    "section": 4,
    "title": "Лабораторная работа №6",
    "content_type": "control",
    "file": "data/fme/ПОИТ/sp-2026/Лабораторная_работа__6.pdf",
    "link": null,
    "order": 6,
    "visible": true,
    "grading_type": "score_100",
    "test": null,
    "max_score": 10
  }
},
{
  "model": "course.learningunit",
  "pk": 23,
  "fields": {
    "topic": null,
    "section": 4,
    "title": "Лабораторная работа №7",
    "content_type": "control",
    "file": "data/fme/ПОИТ/sp-2026/Лабораторная_работа__7.pdf",
    "link": null,
    "order": 7,
    "visible": true,
    "grading_type": "score_100",
    "test": null,
    "max_score": 10
  }
},
{
  "model": "course.learningunit",
  "pk": 24,
  "fields": {
    "topic": null,
    "section": 2,
    "title": "Лекция 11",
    "content_type": "lecture",
    "file": "data/fme/ПОИТ/sp-2026/Виртуальное_адресное_пространство_1.docx",
    "link": null,
    "order": 11,
    "visible": true,
    "grading_type": null,
    "test": null,
    "max_score": 10
  }
},
{
  "model": "course.learningunit",
  "pk": 25,
  "fields": {
    "topic": null,
    "section": 2,
    "title": "Лекция 12",
    "content_type": "lecture",
    "file": "data/fme/ПОИТ/sp-2026/Сервисы_ОС_Windows_1.docx",
    "link": null,
    "order": 12,
    "visible": true,
    "grading_type": null,
    "test": null,
    "max_score": 10
  }
},
{
  "model": "course.learningunit",
  "pk": 26,
  "fields": {
    "topic": null,
    "section": 2,
    "title": "Лекция 13",
    "content_type": "lecture",
    "file": "data/fme/ПОИТ/sp-2026/Что_такое_драйвер_1.docx",
    "link": null,
    "order": 13,
    "visible": true,
    "grading_type": null,
    "test": null,
    "max_score": 10
  }
},
{
  "model": "course.learningunit",
  "pk": 27,
  "fields": {
    "topic": null,
    "section": 2,
    "title": "Лекция 14",
    "content_type": "lecture",
    "file": "data/fme/ПОИТ/sp-2026/Перехват_функций_ОС_Windows_1.docx",
    "link": null,
    "order": 14,
    "visible": true,
    "grading_type": null,
    "test": null,
    "max_score": 10
  }
},
{
  "model": "course.learningunit",
  "pk": 28,
  "fields": {
    "topic": null,
    "section": 2,
    "title": "Лекция 15",
    "content_type": "lecture",
    "file": "data/fme/ПОИТ/sp-2026/Разработка_программ_в_ос_unix_1.docx",
    "link": null,
    "order": 15,
    "visible": true,
    "grading_type": null,
    "test": null,
    "max_score": 10
  }
},
{
  "model": "course.learningunit",
  "pk": 29,
  "fields": {
    "topic": null,
    "section": 2,
    "title": "Лекция 16",
    "content_type": "lecture",
    "file": "data/fme/ПОИТ/sp-2026/Структура_и_типы_файловых_систем_в_Linux_1.docx",
    "link": null,
    "order": 16,
    "visible": true,
    "grading_type": null,
    "test": null,
    "max_score": 10
  }
},
{
  "model": "course.learningunit",
  "pk": 30,
  "fields": {
    "topic": null,
    "section": 2,
    "title": "Лекция 17",
    "content_type": "lecture",
    "file": "data/fme/ПОИТ/sp-2026/Типы_процессов_1.docx",
    "link": null,
    "order": 17,
    "visible": true,
    "grading_type": null,
    "test": null,
    "max_score": 10
  }
},
{
  "model": "course.learningunit",
  "pk": 31,
  "fields": {
    "topic": null,
    "section": 2,
    "title": "Лекция 18",
    "content_type": "lecture",
    "file": "data/fme/ПОИТ/sp-2026/Межпроцессное_взаимодействие.docx",
    "link": null,
    "order": 18,
    "visible": true,
    "grading_type": null,
    "test": null,
    "max_score": 10
  }
},
{
  "model": "course.learningunit",
  "pk": 32,
  "fields": {
    "topic": null,
    "section": 2,
    "title": "Лекция 19",
    "content_type": "lecture",
    "file": "data/fme/ПОИТ/sp-2026/потоки_и_процессы_в_ОС_Unix_1.docx",
    "link": null,
    "order": 19,
    "visible": true,
    "grading_type": null,
    "test": null,
    "max_score": 10
  }
},
{
  "model": "course.learningunit",
  "pk": 33,
  "fields": {
    "topic": null,
    "section": 2,
    "title": "Лекция 20",
    "content_type": "lecture",
    "file": "data/fme/ПОИТ/sp-2026/Основы_операционных_систем_1.docx",
    "link": null,
    "order": 20,
    "visible": true,
    "grading_type": null,
    "test": null,
    "max_score": 10
  }
},
{
  "model": "course.learningunit",
  "pk": 34,
  "fields": {
    "topic": null,
    "section": 16,
    "title": "Раб1",
    "content_type": "control",
    "file": "data/fme/ПОИТ/ти26/Лабораторная_работа__1.pdf",
    "link": null,
    "order": 1,
    "visible": true,
    "grading_type": "score_100",
    "test": null,
    "max_score": 10
  }
},
{
  "model": "course.learningunit",
  "pk": 35,
  "fields": {
    "topic": null,
    "section": 16,
    "title": "Раб2",
    "content_type": "control",
    "file": "data/fme/ПОИТ/ти26/Лабораторная_работа__2.pdf",
    "link": null,
    "order": 2,
    "visible": true,
    "grading_type": "score_100",
    "test": null,
    "max_score": 10
  }
},
{
  "model": "course.learningunit",
  "pk": 36,
  "fields": {
    "topic": null,
    "section": 10,
    "title": "Тест на живость ума",
    "content_type": "control",
    "file": "",
    "link": null,
    "order": 1,
    "visible": true,
    "grading_type": null,
    "test": 1,
    "max_score": 10
  }
},
{
  "model": "course.coursegroupstudent",
  "pk": 3,
  "fields": {
    "course": 1,
    "group": 2
  }
},
{
  "model": "course.coursegroupstudent",
  "pk": 5,
  "fields": {
    "course": 3,
    "group": 2
  }
},
{
  "model": "course.coursegroupstudent",
  "pk": 6,
  "fields": {
    "course": 2,
    "group": 2
  }
},
{
  "model": "course.coursegroupstudent",
  "pk": 7,
  "fields": {
    "course": 1,
    "group": 1
  }
},
{
  "model": "course.studentanswer",
  "pk": 3,
  "fields": {
    "student": 43,
    "learning_unit": 17,
    "answer_file": "answers/fme/ПОИТ/sp-2026/ham_08992.docx",
    "answer_text": null,
    "checked": true,
    "score": 8,
    "passed": null,
    "comment": null,
    "created_at": "2026-07-17T06:18:02.613Z",
    "modified_at": "2026-07-17T06:43:46.346Z",
    "checked_at": "2026-07-17T06:43:46.345Z",
    "checked_modified_at": null
  }
},
{
  "model": "course.studentanswer",
  "pk": 4,
  "fields": {
    "student": 43,
    "learning_unit": 20,
    "answer_file": "answers/fme/ПОИТ/sp-2026/ham_15796.pdf",
    "answer_text": null,
    "checked": true,
    "score": 6,
    "passed": null,
    "comment": null,
    "created_at": "2026-07-17T06:18:27.673Z",
    "modified_at": "2026-07-17T06:43:55.200Z",
    "checked_at": "2026-07-17T06:43:55.200Z",
    "checked_modified_at": null
  }
},
{
  "model": "course.studentanswer",
  "pk": 5,
  "fields": {
    "student": 43,
    "learning_unit": 35,
    "answer_file": "answers/fme/ПОИТ/ти26/ham_58429.docx",
    "answer_text": null,
    "checked": true,
    "score": 2,
    "passed": null,
    "comment": null,
    "created_at": "2026-07-17T07:30:54.850Z",
    "modified_at": "2026-07-17T14:02:31.755Z",
    "checked_at": "2026-07-17T14:02:31.755Z",
    "checked_modified_at": null
  }
},
{
  "model": "course.studentanswer",
  "pk": 6,
  "fields": {
    "student": 43,
    "learning_unit": 19,
    "answer_file": "answers/fme/ПОИТ/sp-2026/ham_88020.docx",
    "answer_text": null,
    "checked": true,
    "score": 4,
    "passed": null,
    "comment": "Работа выполнена плохо",
    "created_at": "2026-07-17T07:37:11.705Z",
    "modified_at": "2026-07-17T07:59:44.579Z",
    "checked_at": "2026-07-17T07:59:44.579Z",
    "checked_modified_at": null
  }
},
{
  "model": "course.studentanswer",
  "pk": 7,
  "fields": {
    "student": 43,
    "learning_unit": 34,
    "answer_file": "answers/fme/ПОИТ/ти26/ham_69480.pdf",
    "answer_text": null,
    "checked": true,
    "score": 2,
    "passed": null,
    "comment": null,
    "created_at": "2026-07-17T07:37:25.272Z",
    "modified_at": "2026-07-17T14:02:24.910Z",
    "checked_at": "2026-07-17T14:02:24.910Z",
    "checked_modified_at": null
  }
},
{
  "model": "course.studentanswer",
  "pk": 8,
  "fields": {
    "student": 43,
    "learning_unit": 23,
    "answer_file": "answers/fme/ПОИТ/sp-2026/ham_30583.pdf",
    "answer_text": null,
    "checked": true,
    "score": 10,
    "passed": null,
    "comment": null,
    "created_at": "2026-07-17T08:50:19.333Z",
    "modified_at": "2026-07-17T13:46:24.638Z",
    "checked_at": "2026-07-17T13:46:24.637Z",
    "checked_modified_at": null
  }
},
{
  "model": "course.studentanswer",
  "pk": 9,
  "fields": {
    "student": 43,
    "learning_unit": 22,
    "answer_file": "answers/fme/ПОИТ/sp-2026/ham_95131.docx",
    "answer_text": null,
    "checked": true,
    "score": 7,
    "passed": null,
    "comment": null,
    "created_at": "2026-07-17T08:50:32.332Z",
    "modified_at": "2026-07-17T13:46:16.017Z",
    "checked_at": "2026-07-17T13:46:16.016Z",
    "checked_modified_at": null
  }
},
{
  "model": "course.studentanswer",
  "pk": 10,
  "fields": {
    "student": 4,
    "learning_unit": 21,
    "answer_file": "answers/fme/ПОИТ/sp-2026/giv_48861.pdf",
    "answer_text": null,
    "checked": true,
    "score": 3,
    "passed": null,
    "comment": null,
    "created_at": "2026-07-17T12:23:29.066Z",
    "modified_at": "2026-07-17T13:46:04.789Z",
    "checked_at": "2026-07-17T13:46:04.789Z",
    "checked_modified_at": null
  }
},
{
  "model": "course.studentanswer",
  "pk": 11,
  "fields": {
    "student": 2,
    "learning_unit": 17,
    "answer_file": "answers/fme/ПОИТ/sp-2026/aev_64152.pdf",
    "answer_text": null,
    "checked": true,
    "score": 9,
    "passed": null,
    "comment": null,
    "created_at": "2026-07-17T12:42:04.028Z",
    "modified_at": "2026-07-17T13:41:59.372Z",
    "checked_at": "2026-07-17T13:41:59.371Z",
    "checked_modified_at": null
  }
},
{
  "model": "course.studentanswer",
  "pk": 12,
  "fields": {
    "student": 2,
    "learning_unit": 19,
    "answer_file": "",
    "answer_text": null,
    "checked": true,
    "score": 8,
    "passed": null,
    "comment": null,
    "created_at": "2026-07-17T12:42:23.800Z",
    "modified_at": "2026-07-17T12:42:24.160Z",
    "checked_at": "2026-07-17T12:42:23.797Z",
    "checked_modified_at": "2026-07-17T12:42:23.797Z"
  }
},
{
  "model": "course.studentanswer",
  "pk": 13,
  "fields": {
    "student": 2,
    "learning_unit": 20,
    "answer_file": "",
    "answer_text": null,
    "checked": true,
    "score": 7,
    "passed": null,
    "comment": null,
    "created_at": "2026-07-17T13:31:31.263Z",
    "modified_at": "2026-07-17T13:31:31.609Z",
    "checked_at": "2026-07-17T13:31:31.260Z",
    "checked_modified_at": "2026-07-17T13:31:31.260Z"
  }
},
{
  "model": "course.studentanswer",
  "pk": 14,
  "fields": {
    "student": 43,
    "learning_unit": 21,
    "answer_file": "",
    "answer_text": null,
    "checked": true,
    "score": 8,
    "passed": null,
    "comment": null,
    "created_at": "2026-07-17T13:31:49.765Z",
    "modified_at": "2026-07-17T13:31:50.095Z",
    "checked_at": "2026-07-17T13:31:49.762Z",
    "checked_modified_at": "2026-07-17T13:31:49.762Z"
  }
},
{
  "model": "course.studentanswer",
  "pk": 15,
  "fields": {
    "student": 43,
    "learning_unit": 18,
    "answer_file": "answers/fme/ПОИТ/sp-2026/ham_38720.pdf",
    "answer_text": null,
    "checked": true,
    "score": 5,
    "passed": null,
    "comment": null,
    "created_at": "2026-07-17T15:58:30.849Z",
    "modified_at": "2026-07-19T07:55:38.877Z",
    "checked_at": "2026-07-19T07:55:38.877Z",
    "checked_modified_at": null
  }
},
{
  "model": "course.courseannouncement",
  "pk": 1,
  "fields": {
    "course": 1,
    "author": [
      "lz42"
    ],
    "text": "тестовое по СП 2026 всем",
    "created_at": "2026-07-17T08:29:14.699Z"
  }
},
{
  "model": "course.courseannouncement",
  "pk": 2,
  "fields": {
    "course": 1,
    "author": [
      "lz42"
    ],
    "text": "общее всем",
    "created_at": "2026-07-17T08:29:42.747Z"
  }
},
{
  "model": "course.courseannouncement",
  "pk": 3,
  "fields": {
    "course": 3,
    "author": [
      "lz42"
    ],
    "text": "Теорию сдать до 28.09",
    "created_at": "2026-07-17T08:41:36.848Z"
  }
},
{
  "model": "course.courseannouncement",
  "pk": 4,
  "fields": {
    "course": 3,
    "author": [
      "lz42"
    ],
    "text": "рьогапнрьоапрьап",
    "created_at": "2026-07-17T08:46:30.914Z"
  }
},
{
  "model": "course.courseannouncement",
  "pk": 5,
  "fields": {
    "course": 1,
    "author": [
      "lz42"
    ],
    "text": "сп ерварвапрвапрвпар",
    "created_at": "2026-07-17T09:07:28.838Z"
  }
},
{
  "model": "course.courseannouncement",
  "pk": 6,
  "fields": {
    "course": 1,
    "author": [
      "lz42"
    ],
    "text": "сп объява на курс",
    "created_at": "2026-07-19T07:56:45.233Z"
  }
},
{
  "model": "course.announcementdismiss",
  "pk": 1,
  "fields": {
    "announcement": 5,
    "student": null,
    "user": [
      "lz42"
    ],
    "dismissed_at": "2026-07-17T09:45:38.143Z"
  }
},
{
  "model": "course.announcementdismiss",
  "pk": 2,
  "fields": {
    "announcement": 4,
    "student": null,
    "user": [
      "lz42"
    ],
    "dismissed_at": "2026-07-17T09:45:39.876Z"
  }
},
{
  "model": "course.announcementdismiss",
  "pk": 3,
  "fields": {
    "announcement": 3,
    "student": null,
    "user": [
      "lz42"
    ],
    "dismissed_at": "2026-07-17T09:45:41.059Z"
  }
},
{
  "model": "course.announcementdismiss",
  "pk": 4,
  "fields": {
    "announcement": 2,
    "student": null,
    "user": [
      "lz42"
    ],
    "dismissed_at": "2026-07-17T09:45:42.297Z"
  }
},
{
  "model": "course.announcementdismiss",
  "pk": 5,
  "fields": {
    "announcement": 1,
    "student": null,
    "user": [
      "lz42"
    ],
    "dismissed_at": "2026-07-17T09:45:43.156Z"
  }
},
{
  "model": "course.announcementdismiss",
  "pk": 7,
  "fields": {
    "announcement": 4,
    "student": 43,
    "user": null,
    "dismissed_at": "2026-07-17T09:45:53.622Z"
  }
},
{
  "model": "course.announcementdismiss",
  "pk": 8,
  "fields": {
    "announcement": 3,
    "student": 43,
    "user": null,
    "dismissed_at": "2026-07-17T09:46:18.291Z"
  }
},
{
  "model": "course.announcementdismiss",
  "pk": 9,
  "fields": {
    "announcement": 2,
    "student": 43,
    "user": null,
    "dismissed_at": "2026-07-17T09:46:19.257Z"
  }
},
{
  "model": "course.announcementdismiss",
  "pk": 10,
  "fields": {
    "announcement": 1,
    "student": 43,
    "user": null,
    "dismissed_at": "2026-07-17T09:46:20.151Z"
  }
},
{
  "model": "course.announcementdismiss",
  "pk": 11,
  "fields": {
    "announcement": 5,
    "student": 43,
    "user": null,
    "dismissed_at": "2026-07-17T09:46:35.454Z"
  }
},
{
  "model": "course.announcementdismiss",
  "pk": 12,
  "fields": {
    "announcement": 5,
    "student": 4,
    "user": null,
    "dismissed_at": "2026-07-17T12:23:06.278Z"
  }
},
{
  "model": "course.announcementdismiss",
  "pk": 13,
  "fields": {
    "announcement": 2,
    "student": 4,
    "user": null,
    "dismissed_at": "2026-07-17T12:23:08.154Z"
  }
},
{
  "model": "course.announcementdismiss",
  "pk": 14,
  "fields": {
    "announcement": 1,
    "student": 4,
    "user": null,
    "dismissed_at": "2026-07-17T12:23:09.109Z"
  }
},
{
  "model": "course.announcementdismiss",
  "pk": 15,
  "fields": {
    "announcement": 5,
    "student": 2,
    "user": null,
    "dismissed_at": "2026-07-17T12:43:06.789Z"
  }
},
{
  "model": "course.announcementdismiss",
  "pk": 17,
  "fields": {
    "announcement": 1,
    "student": 2,
    "user": null,
    "dismissed_at": "2026-07-17T12:43:26.409Z"
  }
},
{
  "model": "course.announcementdismiss",
  "pk": 18,
  "fields": {
    "announcement": 2,
    "student": 2,
    "user": null,
    "dismissed_at": "2026-07-17T12:45:47.966Z"
  }
},
{
  "model": "course.announcementdismiss",
  "pk": 19,
  "fields": {
    "announcement": 1,
    "student": 42,
    "user": null,
    "dismissed_at": "2026-07-19T07:57:46.467Z"
  }
},
{
  "model": "course.announcementdismiss",
  "pk": 20,
  "fields": {
    "announcement": 6,
    "student": 42,
    "user": null,
    "dismissed_at": "2026-07-19T07:57:54.132Z"
  }
},
{
  "model": "course.announcementdismiss",
  "pk": 21,
  "fields": {
    "announcement": 5,
    "student": 42,
    "user": null,
    "dismissed_at": "2026-07-19T07:57:56.480Z"
  }
},
{
  "model": "course.announcementdismiss",
  "pk": 22,
  "fields": {
    "announcement": 4,
    "student": 42,
    "user": null,
    "dismissed_at": "2026-07-19T07:57:57.464Z"
  }
},
{
  "model": "course.announcementdismiss",
  "pk": 23,
  "fields": {
    "announcement": 3,
    "student": 42,
    "user": null,
    "dismissed_at": "2026-07-19T07:57:58.282Z"
  }
},
{
  "model": "course.announcementdismiss",
  "pk": 24,
  "fields": {
    "announcement": 2,
    "student": 42,
    "user": null,
    "dismissed_at": "2026-07-19T07:57:59.131Z"
  }
},
{
  "model": "structure.university",
  "pk": 1,
  "fields": {
    "full_name": "Могилевский государственный университет имени А.А. Кулешова",
    "short_name": "МГУ",
    "identifier": "msu"
  }
},
{
  "model": "structure.faculty",
  "pk": 1,
  "fields": {
    "university": 1,
    "full_name": "Факультет иностранных языков",
    "short_name": "ФИЯ",
    "identifier": "fia",
    "dean": null
  }
},
{
  "model": "structure.faculty",
  "pk": 2,
  "fields": {
    "university": 1,
    "full_name": "Факультет экономики и права",
    "short_name": "ФЭП",
    "identifier": "fep",
    "dean": null
  }
},
{
  "model": "structure.faculty",
  "pk": 3,
  "fields": {
    "university": 1,
    "full_name": "Факультет математики и естествознания",
    "short_name": "ФМЕ",
    "identifier": "fme",
    "dean": [
      "snv123"
    ]
  }
},
{
  "model": "structure.faculty",
  "pk": 4,
  "fields": {
    "university": 1,
    "full_name": "Факультет педагогики и психологии детства",
    "short_name": "ФППД",
    "identifier": "fppd",
    "dean": null
  }
},
{
  "model": "structure.faculty",
  "pk": 5,
  "fields": {
    "university": 1,
    "full_name": "Факультет начального и музыкального образования",
    "short_name": "ФНМО",
    "identifier": "fnmo",
    "dean": null
  }
},
{
  "model": "structure.faculty",
  "pk": 6,
  "fields": {
    "university": 1,
    "full_name": "Факультет физического воспистания",
    "short_name": "ФФВ",
    "identifier": "ffv",
    "dean": null
  }
},
{
  "model": "structure.faculty",
  "pk": 7,
  "fields": {
    "university": 1,
    "full_name": "Историко-филологический факультет",
    "short_name": "ИФФ",
    "identifier": "iff",
    "dean": null
  }
},
{
  "model": "structure.department",
  "pk": 1,
  "fields": {
    "faculty": 1,
    "full_name": "Кафедра романо-германской филологии",
    "short_name": "Кафедра романо-германской филологии",
    "identifier": "РГФ",
    "head": null
  }
},
{
  "model": "structure.department",
  "pk": 2,
  "fields": {
    "faculty": 1,
    "full_name": "Кафедра теоретической и прикладной лингвистики",
    "short_name": "Кафедра теоретической и прикладной лингвистики",
    "identifier": "ТПЛ",
    "head": null
  }
},
{
  "model": "structure.department",
  "pk": 3,
  "fields": {
    "faculty": 7,
    "full_name": "Кафедра истории и философии",
    "short_name": "Кафедра истории и философии",
    "identifier": "ИФ",
    "head": null
  }
},
{
  "model": "structure.department",
  "pk": 4,
  "fields": {
    "faculty": 7,
    "full_name": "Кафедра археологии, истории Беларуси и специальных исторических дисциплин",
    "short_name": "Кафедра археологии, истории Беларуси и специальных исторических дисциплин",
    "identifier": "АИСД",
    "head": null
  }
},
{
  "model": "structure.department",
  "pk": 5,
  "fields": {
    "faculty": 7,
    "full_name": "Кафедра славянской филологии",
    "short_name": "Кафедра славянской филологии",
    "identifier": "СФ",
    "head": null
  }
},
{
  "model": "structure.department",
  "pk": 6,
  "fields": {
    "faculty": 3,
    "full_name": "Кафедра естествознания",
    "short_name": "Кафедра естествознания",
    "identifier": "КЕ",
    "head": null
  }
},
{
  "model": "structure.department",
  "pk": 7,
  "fields": {
    "faculty": 3,
    "full_name": "Кафедра математики",
    "short_name": "Кафедра математики",
    "identifier": "КМ",
    "head": null
  }
},
{
  "model": "structure.department",
  "pk": 8,
  "fields": {
    "faculty": 3,
    "full_name": "Кафедра программного обеспечения информационных технологий",
    "short_name": "Кафедра программного обеспечения информационных технологий",
    "identifier": "ПОИТ",
    "head": [
      "aiv439"
    ]
  }
},
{
  "model": "structure.department",
  "pk": 9,
  "fields": {
    "faculty": 3,
    "full_name": "Кафедра физики и компьютерных технологий",
    "short_name": "Кафедра физики и компьютерных технологий",
    "identifier": "ФКТ",
    "head": null
  }
},
{
  "model": "structure.department",
  "pk": 10,
  "fields": {
    "faculty": 5,
    "full_name": "Кафедра теории и методики начального образования",
    "short_name": "Кафедра теории и методики начального образования",
    "identifier": "ТМНО",
    "head": null
  }
},
{
  "model": "structure.department",
  "pk": 11,
  "fields": {
    "faculty": 5,
    "full_name": "Кафедра музыки и эстетического образования",
    "short_name": "Кафедра музыки и эстетического образования",
    "identifier": "МЭО",
    "head": null
  }
},
{
  "model": "structure.department",
  "pk": 12,
  "fields": {
    "faculty": 4,
    "full_name": "Кафедра педагогики",
    "short_name": "Кафедра педагогики",
    "identifier": "КП",
    "head": null
  }
},
{
  "model": "structure.department",
  "pk": 13,
  "fields": {
    "faculty": 4,
    "full_name": "Кафедра педагогики детства и семьи",
    "short_name": "Кафедра педагогики детства и семьи",
    "identifier": "ПДС",
    "head": null
  }
},
{
  "model": "structure.department",
  "pk": 14,
  "fields": {
    "faculty": 4,
    "full_name": "Кафедра психологии и коррекционной работы",
    "short_name": "Кафедра психологии и коррекционной работы",
    "identifier": "ПКР",
    "head": null
  }
},
{
  "model": "structure.department",
  "pk": 15,
  "fields": {
    "faculty": 6,
    "full_name": "Кафедра спортивных и медико-биологических дисциплин",
    "short_name": "Кафедра спортивных и медико-биологических дисциплин",
    "identifier": "СМБД",
    "head": null
  }
},
{
  "model": "structure.department",
  "pk": 16,
  "fields": {
    "faculty": 6,
    "full_name": "Кафедра теории и методики физического воспитания",
    "short_name": "Кафедра теории и методики физического воспитания",
    "identifier": "ТМФВ",
    "head": null
  }
},
{
  "model": "structure.department",
  "pk": 17,
  "fields": {
    "faculty": 6,
    "full_name": "Кафедра физического воспитания и спорта",
    "short_name": "Кафедра физического воспитания и спорта",
    "identifier": "ФВС",
    "head": null
  }
},
{
  "model": "structure.department",
  "pk": 18,
  "fields": {
    "faculty": 2,
    "full_name": "Кафедра теории права и социально-политических дисциплин",
    "short_name": "Кафедра теории права и социально-политических дисциплин",
    "identifier": "ТПСПД",
    "head": null
  }
},
{
  "model": "structure.department",
  "pk": 19,
  "fields": {
    "faculty": 2,
    "full_name": "Кафедра экономики и управления",
    "short_name": "Кафедра экономики и управления",
    "identifier": "КЭУ",
    "head": null
  }
},
{
  "model": "structure.department",
  "pk": 20,
  "fields": {
    "faculty": 2,
    "full_name": "Кафедра юриспруденции",
    "short_name": "Кафедра юриспруденции",
    "identifier": "КЮ",
    "head": null
  }
},
{
  "model": "students.studentgroup",
  "pk": 1,
  "fields": {
    "group_number": "5142251",
    "subgroup_number": null,
    "shifr": 1,
    "enrollment_year": 2025,
    "study_duration_years": 4,
    "study_duration_months": null,
    "faculty": 3,
    "education_form": "daytime"
  }
},
{
  "model": "students.studentgroup",
  "pk": 2,
  "fields": {
    "group_number": "5142241",
    "subgroup_number": null,
    "shifr": 1,
    "enrollment_year": 2024,
    "study_duration_years": 4,
    "study_duration_months": null,
    "faculty": 3,
    "education_form": "daytime"
  }
},
{
  "model": "students.studentgroup",
  "pk": 3,
  "fields": {
    "group_number": "5142231",
    "subgroup_number": null,
    "shifr": 1,
    "enrollment_year": 2023,
    "study_duration_years": 4,
    "study_duration_months": null,
    "faculty": 3,
    "education_form": "daytime"
  }
},
{
  "model": "students.student",
  "pk": 2,
  "fields": {
    "fio": "АНТОШКИН ЕГОР ВИКТОРОВИЧ",
    "group": 1,
    "login": "AEV",
    "password": "pbkdf2_sha256$600000$oIktx8fiH4w1ehApAWicEL$BNkYMcBXDDfN581EewCMmAMimBZP2EY8iN4Iq5IJcT8=",
    "last_login": "2026-07-17T12:42:52.634Z"
  }
},
{
  "model": "students.student",
  "pk": 3,
  "fields": {
    "fio": "ГАРБОВИЧ ЕГОР АЛЕКСАНДРОВИЧ",
    "group": 1,
    "login": "GEA",
    "password": "pbkdf2_sha256$600000$YnPr531fUPaNELqmgujmKq$2XiVUf34hAfV77KGWcEE52IbnEQjrVlH9tvSraD8KUc=",
    "last_login": null
  }
},
{
  "model": "students.student",
  "pk": 4,
  "fields": {
    "fio": "ГРИБАНОВ ИЛЬЯ ВЛАДИМИРОВИЧ",
    "group": 1,
    "login": "GIV",
    "password": "pbkdf2_sha256$600000$5Iaj3AupXp1psK45yhXTuY$ucFS60l9972/yxcqkUOIpVyouC6CC3kDEXwkqeFPv9k=",
    "last_login": "2026-07-17T12:22:56.030Z"
  }
},
{
  "model": "students.student",
  "pk": 5,
  "fields": {
    "fio": "ИСКРИЦКИЙ ВЛАДИСЛАВ МИХАЙЛОВИЧ",
    "group": 1,
    "login": "IVM",
    "password": "pbkdf2_sha256$600000$I7V08xd85PLrtPirDo14y2$d346XXZzmwZKN7XPm/M8pWC5V1o85UBbK6RsmSMB3Iw=",
    "last_login": null
  }
},
{
  "model": "students.student",
  "pk": 6,
  "fields": {
    "fio": "КОРЯКОВ ГЛЕБ ДМИТРИЕВИЧ",
    "group": 1,
    "login": "KGD",
    "password": "pbkdf2_sha256$600000$G8LRgSTm1f7ANlwMJrGcb2$QMW3MPLuw19fcJ2ly8Gk5XYh9Vcc8WuhfyuBqpFb6ZY=",
    "last_login": null
  }
},
{
  "model": "students.student",
  "pk": 7,
  "fields": {
    "fio": "КОЦУР ТИМУР ЕВГЕНЬЕВИЧ",
    "group": 1,
    "login": "KTE",
    "password": "pbkdf2_sha256$600000$9AJtvx35kPPcukEYfLIy4C$YEfY0gcjor4q3rrrcSJS8WAzb6CBkeEITRKkLGUc0+8=",
    "last_login": null
  }
},
{
  "model": "students.student",
  "pk": 8,
  "fields": {
    "fio": "КУСЕНКОВА КИРА ИГОРЕВНА",
    "group": 1,
    "login": "KKI",
    "password": "pbkdf2_sha256$600000$Nn7Lmj4rQgqRoC3pULijMp$+idO6n2/g0HCC93SP5NtAh8e3qtO2RYB9KBTo2YKZCo=",
    "last_login": null
  }
},
{
  "model": "students.student",
  "pk": 9,
  "fields": {
    "fio": "ЛОВЧИЙ ВЛАДИСЛАВ ВИТАЛЬЕВИЧ",
    "group": 1,
    "login": "LVV",
    "password": "pbkdf2_sha256$600000$zvgWvKaGwbBEUK63cVJ4p4$y78xVjtfo9GjCXAIiEEnUtbRyTx4M0mmoWP/FuSqCsE=",
    "last_login": null
  }
},
{
  "model": "students.student",
  "pk": 10,
  "fields": {
    "fio": "МОХОВЦОВ ВАДИМ НИКОЛАЕВИЧ",
    "group": 1,
    "login": "MVN",
    "password": "pbkdf2_sha256$600000$qe1C2rhrIDKn56rQvbA2BY$sRQNvtC5qx+w/A8Fu4EDO0vtPT/wqUYTRkig+ZgpL7c=",
    "last_login": null
  }
},
{
  "model": "students.student",
  "pk": 11,
  "fields": {
    "fio": "ПАРХОМЧУК АЛЕКСАНДРА НИКОЛАЕВНА",
    "group": 1,
    "login": "PAN",
    "password": "pbkdf2_sha256$600000$f54Uf7ZN1PJiuzR3pYWdVO$TS6gqz+cTJI92GExkr6M2TFKO8auF0yvNopu2rZSO8M=",
    "last_login": null
  }
},
{
  "model": "students.student",
  "pk": 12,
  "fields": {
    "fio": "ПАШКОВСКИЙ ИЛЬЯ НИКОЛАЕВИЧ",
    "group": 1,
    "login": "PIN",
    "password": "pbkdf2_sha256$600000$eU3Il418KUDurFWl24nkL9$wOUWTu7xVsAXvBQ/mFkGQHu21YXm6Jhc9Df+DrtjAFw=",
    "last_login": null
  }
},
{
  "model": "students.student",
  "pk": 13,
  "fields": {
    "fio": "РАЧКОВ НИКИТА ЮРЬЕВИЧ",
    "group": 1,
    "login": "RNY",
    "password": "pbkdf2_sha256$600000$nRqWrHRL8Fxav2x57luKfe$DBgerzYXouuNpUDWC3AdMUv46WeWB6PHOf79VnHZ/Eo=",
    "last_login": null
  }
},
{
  "model": "students.student",
  "pk": 14,
  "fields": {
    "fio": "РУАДЗЕ ИРИНА ГЕОРГИЕВНА",
    "group": 1,
    "login": "RIG",
    "password": "pbkdf2_sha256$600000$KvD1MBt8tid8WzM7Ve5s5I$XIICETo7O7KmVYwnxO4Kkob3tmWuv61aZsGTOa0ETQQ=",
    "last_login": null
  }
},
{
  "model": "students.student",
  "pk": 15,
  "fields": {
    "fio": "САВИЦКАЯ ЕЛИЗАВЕТА СЕРГЕЕВНА",
    "group": 1,
    "login": "SES",
    "password": "pbkdf2_sha256$600000$ezkqdHCaih2VPlYs9mVB0B$RqwT0ptMEQZkaCSzfq2FtMM9VNY/pDuK0YSWq8yyzVY=",
    "last_login": null
  }
},
{
  "model": "students.student",
  "pk": 16,
  "fields": {
    "fio": "ТОЛСТИКОВ ДМИТРИЙ ВАДИМОВИЧ",
    "group": 1,
    "login": "TDV",
    "password": "pbkdf2_sha256$600000$nZFk4iva0PWkPs2gLFVci8$UAusZuuN786z//RMc9uDNcI44imh52aYnxOUV9cDuoc=",
    "last_login": null
  }
},
{
  "model": "students.student",
  "pk": 17,
  "fields": {
    "fio": "ЧЕКУН ДАНИИЛ НИКОЛАЕВИЧ",
    "group": 1,
    "login": "CHDN",
    "password": "pbkdf2_sha256$600000$d1TR6ltBVh122xpCj8DIxY$fmuPuZ/erWwRqNCOhk8EjIfFrj6KdwiZFtrvbJz5NE4=",
    "last_login": null
  }
},
{
  "model": "students.student",
  "pk": 18,
  "fields": {
    "fio": "ШЛЫКОВ КИРИЛЛ АЛЕКСАНДРОВИЧ",
    "group": 1,
    "login": "SHKA",
    "password": "pbkdf2_sha256$600000$JOcGPnvtdAGQhsLIkSnwqg$Lb9Eg92gfDDo0e/hSBGSWCRIHxPfEihhco5hpWciBZA=",
    "last_login": null
  }
},
{
  "model": "students.student",
  "pk": 19,
  "fields": {
    "fio": "ШУМЕЙКО ВАЛЕРИЯ АЛЕКСЕЕВНА",
    "group": 1,
    "login": "SHVA",
    "password": "pbkdf2_sha256$600000$y7P4rWI08M1ZEl04hihgsx$t27TE4/v0MEF1Q6RfvfWu5tq8mFXelUXZ+BRGi1FIIs=",
    "last_login": null
  }
},
{
  "model": "students.student",
  "pk": 20,
  "fields": {
    "fio": "ШУРУБОВА ЗЛАТА МИХАЙЛОВНА",
    "group": 1,
    "login": "SHZM",
    "password": "pbkdf2_sha256$600000$tEEBHtlD3dP7EZzpSDZCk3$xHs13w3Y13p/vJiLep9k8dyR7NcPx805Go4v35OTXUY=",
    "last_login": null
  }
},
{
  "model": "students.student",
  "pk": 21,
  "fields": {
    "fio": "БАЖАНОВА ЛИДИЯ ИВАНОВНА",
    "group": 2,
    "login": "BLI",
    "password": "CrazyDog",
    "last_login": null
  }
},
{
  "model": "students.student",
  "pk": 22,
  "fields": {
    "fio": "БЕЛЯЦКАЯ ВИКТОРИЯ ВИКТОРОВНА",
    "group": 2,
    "login": "BVV",
    "password": "pbkdf2_sha256$600000$ZEo4TY5ZQUJdaFgK0Jntr6$EfI9kY+sY+PQzT5l6apzSPBTyM7it4TLxDGuspewE4Y=",
    "last_login": null
  }
},
{
  "model": "students.student",
  "pk": 23,
  "fields": {
    "fio": "БЛИЗНЯКОВА ЯРОСЛАВА ЛЕОНИДОВНА",
    "group": 2,
    "login": "BYL",
    "password": "pbkdf2_sha256$600000$iRadAc2WSL3OIn0HN8N6Np$QN/WpG7lBXXDMqcZ8FMW5FpRBN4aCVd+cAsc3NwTZdA=",
    "last_login": null
  }
},
{
  "model": "students.student",
  "pk": 24,
  "fields": {
    "fio": "БОРИСЕНКО АРТЁМ АЛЕКСАНДРОВИЧ",
    "group": 2,
    "login": "BAA",
    "password": "pbkdf2_sha256$600000$MRRMdW2xbM83gWtqkPMOJ8$Bs+g8VKiZ+XD9DTnfW2dnH7L/vjKBi9TYA53tAgFlZk=",
    "last_login": null
  }
},
{
  "model": "students.student",
  "pk": 25,
  "fields": {
    "fio": "ВЕНГЛИНСКИЙ РОМАН ВИКТОРОВИЧ",
    "group": 2,
    "login": "VRV",
    "password": "pbkdf2_sha256$600000$VrDKQhiNznugRgmUdolfje$CDOt1PnaQKzXSAdNlh6ncn5PtLimko10mJv9lXpZ3Mo=",
    "last_login": null
  }
},
{
  "model": "students.student",
  "pk": 26,
  "fields": {
    "fio": "ГОРДЕЙЧУК АНАСТАСИЯ ИВАНОВНА",
    "group": 2,
    "login": "GAI",
    "password": "pbkdf2_sha256$600000$i3NFHT5ZtQ3kHbWIh2i87j$/buWDuCiUAIIWEMG0ZwfNFT+N7P34skVWjy9d+EFgRg=",
    "last_login": null
  }
},
{
  "model": "students.student",
  "pk": 27,
  "fields": {
    "fio": "ГРИГОРЬЕВ ВЛАДИСЛАВ ГЕННАДЬЕВИЧ",
    "group": 2,
    "login": "GVG",
    "password": "pbkdf2_sha256$600000$s2Idau82z86G13taY3bXop$nlCk+10WqeukwX6VYwzBQ4wiopfg8cx4/yfibkcaHFM=",
    "last_login": null
  }
},
{
  "model": "students.student",
  "pk": 28,
  "fields": {
    "fio": "ДАШКЕВИЧ ВЛАДИСЛАВ ИВАНОВИЧ",
    "group": 2,
    "login": "DVI",
    "password": "pbkdf2_sha256$600000$5RsN0MTZ3T5zYhSQu1D1aM$QXM4BssF4qJ4rlztO/llHaIy9On3UrRSFaOYuthC7g8=",
    "last_login": null
  }
},
{
  "model": "students.student",
  "pk": 29,
  "fields": {
    "fio": "ДЕМИР НЕДЖИП",
    "group": 2,
    "login": "DNN",
    "password": "pbkdf2_sha256$600000$aQGZCKhX1sxWTsg62UPJqh$ZiGydfgsY/6CgrhZoWrtdG94wgdIJtJR0fatHItfhgA=",
    "last_login": null
  }
},
{
  "model": "students.student",
  "pk": 30,
  "fields": {
    "fio": "ДЕНИСЕНКО МИХАИЛ АРКАДЬЕВИЧ",
    "group": 2,
    "login": "DMA",
    "password": "pbkdf2_sha256$600000$95XpeYXsI8ZftxPJdqHGQt$SJiLNMdX095SsU3AIoJFsIoCfqiKqWfLBQe3IeYS9fk=",
    "last_login": null
  }
},
{
  "model": "students.student",
  "pk": 31,
  "fields": {
    "fio": "ДОЛГАЛО МАКСИМ ВИКТОРОВИЧ",
    "group": 2,
    "login": "DMV",
    "password": "pbkdf2_sha256$600000$IFzBFXBEO4eZxsEDlqG4X9$JMrYE9ld9OfuzQ9ODrLZXFh1IMtD7tiSB53unWKC/Qg=",
    "last_login": null
  }
},
{
  "model": "students.student",
  "pk": 32,
  "fields": {
    "fio": "ЖУРАВЛЕВИЧ АРТЁМ ДМИТРИЕВИЧ",
    "group": 2,
    "login": "ZHAD",
    "password": "pbkdf2_sha256$600000$mshg8iz0ywdUWVfjYd025f$WGLrPmPhHdumbIZ3cKluaEmciRF5ujpRrCl5KFH23yA=",
    "last_login": null
  }
},
{
  "model": "students.student",
  "pk": 33,
  "fields": {
    "fio": "ИСАЕНКО АНДРЕЙ ДЕНИСОВИЧ",
    "group": 2,
    "login": "IAD",
    "password": "pbkdf2_sha256$600000$RkxfGpXnkpgQXTRKoZmbMv$gs9W99e1NVQQu4/vKXSiwM/l461C352tjfLB/bWns3I=",
    "last_login": null
  }
},
{
  "model": "students.student",
  "pk": 34,
  "fields": {
    "fio": "КАРАДЕМИР МЕРТ",
    "group": 2,
    "login": "KMM",
    "password": "pbkdf2_sha256$600000$DOCljWcaW9d5bJ6fA877r2$MVsUvM6Wd5Sgn6OYTRxG8eb1P485WoqeD3mlyOvIkTY=",
    "last_login": null
  }
},
{
  "model": "students.student",
  "pk": 35,
  "fields": {
    "fio": "КОМАРОВ ТИМОФЕЙ ДМИТРИЕВИЧ",
    "group": 2,
    "login": "KTD",
    "password": "pbkdf2_sha256$600000$ikCg0TjdFV10JFWNszVUou$umtU2BPkQU3iltSgsAEBUKlJkj5TEk7dh0dlTQ95ouo=",
    "last_login": null
  }
},
{
  "model": "students.student",
  "pk": 36,
  "fields": {
    "fio": "ЛИСТОПАДОВ ДЕНИС ВЛАДИМИРОВИЧ",
    "group": 2,
    "login": "LDV",
    "password": "pbkdf2_sha256$600000$9spjakDa4aT44n8OXuNzaO$fNKUMFYN+nzsawImc+e85r6gsbWZS9gNUg7HJ6GJqoM=",
    "last_login": null
  }
},
{
  "model": "students.student",
  "pk": 37,
  "fields": {
    "fio": "МЕДВЕДЁВА ДАРЬЯ АЛЕКСАНДРОВНА",
    "group": 2,
    "login": "MDA",
    "password": "pbkdf2_sha256$600000$4uR7kpDgS5bV2dqWBc7Mz2$L5zOu2SYL4s3n30FuIY29ZCv75sAnrKoiKzRvbAUw6M=",
    "last_login": null
  }
},
{
  "model": "students.student",
  "pk": 38,
  "fields": {
    "fio": "МЕЛЬНИКОВ МАКСИМ АЛЕКСАНДРОВИЧ",
    "group": 2,
    "login": "MMA",
    "password": "pbkdf2_sha256$600000$YkygC5kQpWYb9H3ssntr1m$T6XjAZ6SeTLNvkqFoyPuSBZHge2I7cSIwbgGy0vXtO0=",
    "last_login": null
  }
},
{
  "model": "students.student",
  "pk": 39,
  "fields": {
    "fio": "МЕЛЮХ КИРИЛЛ СЕРГЕЕВИЧ",
    "group": 2,
    "login": "MKS",
    "password": "pbkdf2_sha256$600000$z1LTFAsDLP7aMSzVa2bXIp$ULp0MGMheQnKfHc6ElIVoi5bzGfP8w9bpHeZj6KHZNU=",
    "last_login": null
  }
},
{
  "model": "students.student",
  "pk": 40,
  "fields": {
    "fio": "МЯСОЕДОВ СТАНИСЛАВ АНДРЕЕВИЧ",
    "group": 2,
    "login": "MSA",
    "password": "pbkdf2_sha256$600000$S17jGAnuLe8gPNNoJW63Ix$PS9kQz+L0oWczOyY6s3SCMeejtD27asWxzY1rP4BoHk=",
    "last_login": null
  }
},
{
  "model": "students.student",
  "pk": 41,
  "fields": {
    "fio": "ПЕТРАЧКОВ НИКИТА ВАСИЛЬЕВИЧ",
    "group": 2,
    "login": "PNV",
    "password": "pbkdf2_sha256$600000$UX4fPsoewBEqxYm0UUWpg9$u/v7S3eV4LDLHMFCWzsIY7MHpdsZKNv3/zV28Mccqcs=",
    "last_login": null
  }
},
{
  "model": "students.student",
  "pk": 42,
  "fields": {
    "fio": "СУЩИНСКИЙ ИЛЬЯ АЛЕКСАНДРОВИЧ",
    "group": 2,
    "login": "SIA",
    "password": "pbkdf2_sha256$600000$MWmqgOHU6rOFg1WtzABGGL$ebLosB0TYlgy7llRa2eF3i09qHd/qzbjZQlSlK2L5/k=",
    "last_login": "2026-07-19T07:57:27.042Z"
  }
},
{
  "model": "students.student",
  "pk": 43,
  "fields": {
    "fio": "ХАВАНСКИЙ АРСЕНИЙ МАКСИМОВИЧ",
    "group": 2,
    "login": "HAM",
    "password": "pbkdf2_sha256$600000$sxrqvisBwRBobV4jQXpZSy$9+UoRM2KnYK3tou2HYWBF1rd8Y+goCB03SoPP6b29j4=",
    "last_login": "2026-07-17T15:44:49.418Z"
  }
},
{
  "model": "students.student",
  "pk": 44,
  "fields": {
    "fio": "ЮРИЦКИЙ НИКИТА СТАНИСЛАВОВИЧ",
    "group": 2,
    "login": "YNS",
    "password": "pbkdf2_sha256$600000$XupAO5b6yYFfzDUdYdnFMB$MYF5rMITGRdaFOOkWJnd6/+E2XW0nlG99Bh5nkI+sIg=",
    "last_login": null
  }
},
{
  "model": "subject.subject",
  "pk": 1,
  "fields": {
    "department": 8,
    "full_name": "Системное программирование",
    "short_name": "СП",
    "identifier": null
  }
},
{
  "model": "subject.subject",
  "pk": 2,
  "fields": {
    "department": 8,
    "full_name": "Тестирование программного обеспечения",
    "short_name": "Тестирование ПО",
    "identifier": null
  }
},
{
  "model": "subject.subject",
  "pk": 3,
  "fields": {
    "department": 8,
    "full_name": "Теория информации",
    "short_name": "Теория информации",
    "identifier": null
  }
},
{
  "model": "umo.shifr",
  "pk": 1,
  "fields": {
    "code": "6-05-0612-01",
    "name": "Программная инженерия",
    "qualification": "Инженер-программист"
  }
},
{
  "model": "umo.shifr",
  "pk": 2,
  "fields": {
    "code": "6-05-0111-01",
    "name": "Дошкольное образование",
    "qualification": "Педагог"
  }
},
{
  "model": "umo.shifr",
  "pk": 3,
  "fields": {
    "code": "6-05-0111-02",
    "name": "Специальное дошкольное образование",
    "qualification": "Педагог"
  }
},
{
  "model": "umo.shifr",
  "pk": 4,
  "fields": {
    "code": "6-05-0112-01",
    "name": "Начальное образование",
    "qualification": "Педагог"
  }
},
{
  "model": "umo.shifr",
  "pk": 5,
  "fields": {
    "code": "6-05-0113-01",
    "name": "Филологическое образование",
    "qualification": "Преподаватель"
  }
},
{
  "model": "umo.shifr",
  "pk": 6,
  "fields": {
    "code": "6-05-0113-02",
    "name": "Математическое образование",
    "qualification": "Преподаватель"
  }
},
{
  "model": "umo.shifr",
  "pk": 7,
  "fields": {
    "code": "6-05-0113-03",
    "name": "Природоведческое образование",
    "qualification": "Преподаватель"
  }
},
{
  "model": "umo.shifr",
  "pk": 8,
  "fields": {
    "code": "6-05-0113-04",
    "name": "Историко-обществоведческое образование",
    "qualification": "Преподаватель"
  }
},
{
  "model": "umo.shifr",
  "pk": 9,
  "fields": {
    "code": "6-05-0113-05",
    "name": "Технологическое образование",
    "qualification": "Преподаватель"
  }
},
{
  "model": "umo.shifr",
  "pk": 10,
  "fields": {
    "code": "6-05-0113-06",
    "name": "Художественное образование",
    "qualification": "Преподаватель"
  }
},
{
  "model": "umo.shifr",
  "pk": 11,
  "fields": {
    "code": "6-05-0114-01",
    "name": "Социально-педагогическое и психологическое образование",
    "qualification": "Педагог-психолог. Социальный педагог"
  }
},
{
  "model": "umo.shifr",
  "pk": 12,
  "fields": {
    "code": "6-05-0114-02",
    "name": "Специальное образование",
    "qualification": "Педагог"
  }
},
{
  "model": "umo.shifr",
  "pk": 13,
  "fields": {
    "code": "6-05-0115-01",
    "name": "Организация и управление физической культурой и спортом",
    "qualification": "Менеджер по спорту. Преподаватель"
  }
},
{
  "model": "umo.shifr",
  "pk": 14,
  "fields": {
    "code": "6-05-0115-02",
    "name": "Физическая культура",
    "qualification": "Преподаватель"
  }
},
{
  "model": "umo.shifr",
  "pk": 15,
  "fields": {
    "code": "6-05-0115-03",
    "name": "Спортивно-педагогическая деятельность",
    "qualification": "Тренер. Преподаватель"
  }
},
{
  "model": "umo.shifr",
  "pk": 16,
  "fields": {
    "code": "6-05-0115-04",
    "name": "Спортивно-туристская деятельность",
    "qualification": "Менеджер по туризму. Преподаватель"
  }
},
{
  "model": "umo.shifr",
  "pk": 17,
  "fields": {
    "code": "6-05-0115-05",
    "name": "Спорт высших достижений",
    "qualification": "Тренер"
  }
},
{
  "model": "umo.shifr",
  "pk": 18,
  "fields": {
    "code": "6-05-0211-01",
    "name": "Аудиовизуальное творчество",
    "qualification": "Режиссер. Продюсер"
  }
},
{
  "model": "umo.shifr",
  "pk": 19,
  "fields": {
    "code": "6-05-0211-02",
    "name": "Режиссура театра",
    "qualification": "Режиссер"
  }
},
{
  "model": "umo.shifr",
  "pk": 20,
  "fields": {
    "code": "6-05-0211-03",
    "name": "Режиссура кино и телевидения",
    "qualification": "Режиссер"
  }
},
{
  "model": "umo.shifr",
  "pk": 21,
  "fields": {
    "code": "6-05-0211-04",
    "name": "Актерское искусство",
    "qualification": "Актер"
  }
},
{
  "model": "umo.shifr",
  "pk": 22,
  "fields": {
    "code": "6-05-0211-05",
    "name": "Хореографическое искусство",
    "qualification": "Хореограф. Преподаватель"
  }
},
{
  "model": "umo.shifr",
  "pk": 23,
  "fields": {
    "code": "6-05-0211-06",
    "name": "Народное творчество",
    "qualification": "Режиссер. Организатор"
  }
},
{
  "model": "umo.shifr",
  "pk": 24,
  "fields": {
    "code": "6-05-0212-01",
    "name": "Дизайн",
    "qualification": "Дизайнер"
  }
},
{
  "model": "umo.shifr",
  "pk": 25,
  "fields": {
    "code": "6-05-0213-01",
    "name": "Искусствоведение",
    "qualification": "Искусствовед"
  }
},
{
  "model": "umo.shifr",
  "pk": 26,
  "fields": {
    "code": "6-05-0214-01",
    "name": "Декоративно-прикладное искусство",
    "qualification": "Художник-мастер"
  }
},
{
  "model": "umo.shifr",
  "pk": 27,
  "fields": {
    "code": "6-05-0215-01",
    "name": "Музыкальное искусство",
    "qualification": "Музыкант. Преподаватель"
  }
},
{
  "model": "umo.shifr",
  "pk": 28,
  "fields": {
    "code": "6-05-0215-02",
    "name": "Инструментальное исполнительство",
    "qualification": "Артист. Преподаватель"
  }
},
{
  "model": "umo.shifr",
  "pk": 29,
  "fields": {
    "code": "6-05-0215-03",
    "name": "Вокальное исполнительство",
    "qualification": "Певец. Преподаватель"
  }
},
{
  "model": "umo.shifr",
  "pk": 30,
  "fields": {
    "code": "6-05-0215-04",
    "name": "Дирижирование",
    "qualification": "Дирижер. Преподаватель"
  }
},
{
  "model": "umo.shifr",
  "pk": 31,
  "fields": {
    "code": "6-05-0215-05",
    "name": "Композиция",
    "qualification": "Композитор. Преподаватель"
  }
},
{
  "model": "umo.shifr",
  "pk": 32,
  "fields": {
    "code": "6-05-0215-06",
    "name": "Музыковедение",
    "qualification": "Музыковед. Преподаватель"
  }
},
{
  "model": "umo.shifr",
  "pk": 33,
  "fields": {
    "code": "6-05-0221-01",
    "name": "Христианская теология",
    "qualification": "Теолог. Преподаватель"
  }
},
{
  "model": "umo.shifr",
  "pk": 34,
  "fields": {
    "code": "6-05-0221-02",
    "name": "Буддийская теология",
    "qualification": "Теолог. Преподаватель"
  }
},
{
  "model": "umo.shifr",
  "pk": 35,
  "fields": {
    "code": "6-05-0222-01",
    "name": "Религиоведение",
    "qualification": "Религиовед. Преподаватель"
  }
},
{
  "model": "umo.shifr",
  "pk": 36,
  "fields": {
    "code": "6-05-0231-01",
    "name": "Белорусская филология",
    "qualification": "Филолог. Преподаватель"
  }
},
{
  "model": "umo.shifr",
  "pk": 37,
  "fields": {
    "code": "6-05-0231-02",
    "name": "Литературная работа",
    "qualification": "Литературный работник"
  }
},
{
  "model": "umo.shifr",
  "pk": 38,
  "fields": {
    "code": "6-05-0231-03",
    "name": "Русская филология",
    "qualification": "Филолог. Преподаватель"
  }
},
{
  "model": "umo.shifr",
  "pk": 39,
  "fields": {
    "code": "6-05-0231-04",
    "name": "Славянская филология",
    "qualification": "Филолог. Преподаватель"
  }
},
{
  "model": "umo.shifr",
  "pk": 40,
  "fields": {
    "code": "6-05-0231-05",
    "name": "Романо-германская филология",
    "qualification": "Филолог. Преподаватель"
  }
},
{
  "model": "umo.shifr",
  "pk": 41,
  "fields": {
    "code": "6-05-0231-06",
    "name": "Классическая филология",
    "qualification": "Филолог. Преподаватель"
  }
},
{
  "model": "umo.shifr",
  "pk": 42,
  "fields": {
    "code": "6-05-0231-07",
    "name": "Восточная филология",
    "qualification": "Филолог. Преподаватель"
  }
},
{
  "model": "umo.shifr",
  "pk": 43,
  "fields": {
    "code": "6-05-0232-01",
    "name": "Лингвистическое обеспечение межкультурной коммуникации",
    "qualification": "Специалист по межкультурным коммуникациям. Переводчик"
  }
},
{
  "model": "umo.shifr",
  "pk": 44,
  "fields": {
    "code": "6-05-0232-02",
    "name": "Современные иностранные языки",
    "qualification": "Лингвист. Преподаватель"
  }
},
{
  "model": "umo.shifr",
  "pk": 45,
  "fields": {
    "code": "6-05-0311-01",
    "name": "Психология",
    "qualification": "Психолог"
  }
},
{
  "model": "umo.shifr",
  "pk": 46,
  "fields": {
    "code": "6-05-0312-01",
    "name": "История",
    "qualification": "Историк. Преподаватель"
  }
},
{
  "model": "umo.shifr",
  "pk": 47,
  "fields": {
    "code": "6-05-0312-02",
    "name": "Философия",
    "qualification": "Философ. Преподаватель"
  }
},
{
  "model": "umo.shifr",
  "pk": 48,
  "fields": {
    "code": "6-05-0312-03",
    "name": "Востоковедение",
    "qualification": "Востоковед. Переводчик"
  }
},
{
  "model": "umo.shifr",
  "pk": 49,
  "fields": {
    "code": "6-05-0313-01",
    "name": "Регионоведение",
    "qualification": "Специалист по региональному управлению"
  }
},
{
  "model": "umo.shifr",
  "pk": 50,
  "fields": {
    "code": "6-05-0314-01",
    "name": "Социология",
    "qualification": "Социолог"
  }
},
{
  "model": "umo.shifr",
  "pk": 51,
  "fields": {
    "code": "6-05-0314-02",
    "name": "Социальная работа",
    "qualification": "Специалист по социальной работе"
  }
},
{
  "model": "umo.shifr",
  "pk": 52,
  "fields": {
    "code": "6-05-0315-01",
    "name": "Политология",
    "qualification": "Политолог"
  }
},
{
  "model": "umo.shifr",
  "pk": 53,
  "fields": {
    "code": "6-05-0321-01",
    "name": "Журналистика",
    "qualification": "Журналист"
  }
},
{
  "model": "umo.shifr",
  "pk": 54,
  "fields": {
    "code": "6-05-0321-02",
    "name": "Информация и коммуникация",
    "qualification": "Специалист по информации и коммуникации"
  }
},
{
  "model": "umo.shifr",
  "pk": 55,
  "fields": {
    "code": "6-05-0322-01",
    "name": "Библиотечно-информационная деятельность",
    "qualification": "Библиотекарь-библиограф. Специалист по информации"
  }
},
{
  "model": "umo.shifr",
  "pk": 56,
  "fields": {
    "code": "6-05-0322-02",
    "name": "Музейное дело и охрана историко-культурного наследия",
    "qualification": "Музеолог. Специалист по охране историко-культурного наследия"
  }
},
{
  "model": "umo.shifr",
  "pk": 57,
  "fields": {
    "code": "6-05-0322-03",
    "name": "Архивоведение и делопроизводство",
    "qualification": "Архивист. Специалист по делопроизводству"
  }
},
{
  "model": "umo.shifr",
  "pk": 58,
  "fields": {
    "code": "6-05-0411-01",
    "name": "Бухгалтерский учет, анализ и аудит",
    "qualification": "Экономист"
  }
},
{
  "model": "umo.shifr",
  "pk": 59,
  "fields": {
    "code": "6-05-0411-02",
    "name": "Бухгалтерский учет, анализ и аудит (в АПК)",
    "qualification": "Экономист"
  }
},
{
  "model": "umo.shifr",
  "pk": 60,
  "fields": {
    "code": "6-05-0412-01",
    "name": "Финансы и кредит",
    "qualification": "Экономист"
  }
},
{
  "model": "umo.shifr",
  "pk": 61,
  "fields": {
    "code": "6-05-0412-02",
    "name": "Мировая экономика",
    "qualification": "Экономист"
  }
},
{
  "model": "umo.shifr",
  "pk": 62,
  "fields": {
    "code": "6-05-0412-03",
    "name": "Логистика",
    "qualification": "Логист. Экономист"
  }
},
{
  "model": "umo.shifr",
  "pk": 63,
  "fields": {
    "code": "6-05-0412-04",
    "name": "Маркетинг",
    "qualification": "Маркетолог. Экономист"
  }
},
{
  "model": "umo.shifr",
  "pk": 64,
  "fields": {
    "code": "6-05-0412-05",
    "name": "Рекламная деятельность",
    "qualification": "Специалист по рекламе"
  }
},
{
  "model": "umo.shifr",
  "pk": 65,
  "fields": {
    "code": "6-05-0413-01",
    "name": "Экономика",
    "qualification": "Экономист"
  }
},
{
  "model": "umo.shifr",
  "pk": 66,
  "fields": {
    "code": "6-05-0413-02",
    "name": "Экономика и управление",
    "qualification": "Экономист. Менеджер"
  }
},
{
  "model": "umo.shifr",
  "pk": 67,
  "fields": {
    "code": "6-05-0413-03",
    "name": "Государственное управление и экономика",
    "qualification": "Экономист. Менеджер"
  }
},
{
  "model": "umo.shifr",
  "pk": 68,
  "fields": {
    "code": "6-05-0414-01",
    "name": "Менеджмент",
    "qualification": "Менеджер"
  }
},
{
  "model": "umo.shifr",
  "pk": 69,
  "fields": {
    "code": "6-05-0414-02",
    "name": "Управление информационными ресурсами",
    "qualification": "Менеджер-экономист информационных систем"
  }
},
{
  "model": "umo.shifr",
  "pk": 70,
  "fields": {
    "code": "6-05-0414-03",
    "name": "Государственное управление и право",
    "qualification": "Юрист"
  }
},
{
  "model": "umo.shifr",
  "pk": 71,
  "fields": {
    "code": "6-05-0414-04",
    "name": "Бизнес-администрирование",
    "qualification": "Менеджер. Экономист"
  }
},
{
  "model": "umo.shifr",
  "pk": 72,
  "fields": {
    "code": "6-05-0415-01",
    "name": "Экономическая информатика",
    "qualification": "Экономист-информатик"
  }
},
{
  "model": "umo.shifr",
  "pk": 73,
  "fields": {
    "code": "6-05-0421-01",
    "name": "Правоведение",
    "qualification": "Юрист"
  }
},
{
  "model": "umo.shifr",
  "pk": 74,
  "fields": {
    "code": "6-05-0421-02",
    "name": "Экономическое право",
    "qualification": "Юрист со знанием экономики"
  }
},
{
  "model": "umo.shifr",
  "pk": 75,
  "fields": {
    "code": "6-05-0421-03",
    "name": "Международное право",
    "qualification": "Юрист со знанием иностранных языков"
  }
},
{
  "model": "umo.shifr",
  "pk": 76,
  "fields": {
    "code": "6-05-0511-01",
    "name": "Биология",
    "qualification": "Биолог. Преподаватель"
  }
},
{
  "model": "umo.shifr",
  "pk": 77,
  "fields": {
    "code": "6-05-0511-02",
    "name": "Биохимия",
    "qualification": "Биохимик"
  }
},
{
  "model": "umo.shifr",
  "pk": 78,
  "fields": {
    "code": "6-05-0511-03",
    "name": "Микробиология",
    "qualification": "Микробиолог"
  }
},
{
  "model": "umo.shifr",
  "pk": 79,
  "fields": {
    "code": "6-05-0511-04",
    "name": "Биоэкология",
    "qualification": "Биолог-эколог. Преподаватель"
  }
},
{
  "model": "umo.shifr",
  "pk": 80,
  "fields": {
    "code": "6-05-0511-05",
    "name": "Биоинженерия и биоинформатика",
    "qualification": "Биоинженер-биоинформатик"
  }
},
{
  "model": "umo.shifr",
  "pk": 81,
  "fields": {
    "code": "6-05-0511-06",
    "name": "Биотехнология",
    "qualification": "Биотехнолог"
  }
},
{
  "model": "umo.shifr",
  "pk": 82,
  "fields": {
    "code": "6-05-0521-01",
    "name": "Геоэкология",
    "qualification": "Геоэколог. Преподаватель"
  }
},
{
  "model": "umo.shifr",
  "pk": 83,
  "fields": {
    "code": "6-05-0522-01",
    "name": "Гидрометеорология",
    "qualification": "Гидрометеоролог"
  }
},
{
  "model": "umo.shifr",
  "pk": 84,
  "fields": {
    "code": "6-05-0531-01",
    "name": "Химия",
    "qualification": "Химик. Преподаватель"
  }
},
{
  "model": "umo.shifr",
  "pk": 85,
  "fields": {
    "code": "6-05-0531-02",
    "name": "Фундаментальная химия",
    "qualification": "Химик. Исследователь"
  }
},
{
  "model": "umo.shifr",
  "pk": 86,
  "fields": {
    "code": "6-05-0531-03",
    "name": "Химия высоких энергий",
    "qualification": "Химик. Радиохимик"
  }
},
{
  "model": "umo.shifr",
  "pk": 87,
  "fields": {
    "code": "6-05-0532-01",
    "name": "География",
    "qualification": "Географ. Преподаватель"
  }
},
{
  "model": "umo.shifr",
  "pk": 88,
  "fields": {
    "code": "6-05-0532-02",
    "name": "Геология",
    "qualification": "Инженер-геолог"
  }
},
{
  "model": "umo.shifr",
  "pk": 89,
  "fields": {
    "code": "6-05-0532-03",
    "name": "Космоаэрокартография",
    "qualification": "Картограф"
  }
},
{
  "model": "umo.shifr",
  "pk": 90,
  "fields": {
    "code": "6-05-0533-01",
    "name": "Физика",
    "qualification": "Физик. Преподаватель"
  }
},
{
  "model": "umo.shifr",
  "pk": 91,
  "fields": {
    "code": "6-05-0533-02",
    "name": "Научно-производственная деятельность в физике",
    "qualification": "Физик. Инженер"
  }
},
{
  "model": "umo.shifr",
  "pk": 92,
  "fields": {
    "code": "6-05-0533-03",
    "name": "Компьютерная физика",
    "qualification": "Физик-программист"
  }
},
{
  "model": "umo.shifr",
  "pk": 93,
  "fields": {
    "code": "6-05-0533-04",
    "name": "Ядерные физика и технологии",
    "qualification": "Физик. Инженер"
  }
},
{
  "model": "umo.shifr",
  "pk": 94,
  "fields": {
    "code": "6-05-0533-05",
    "name": "Радиофизика и информационные технологии",
    "qualification": "Радиофизик"
  }
},
{
  "model": "umo.shifr",
  "pk": 95,
  "fields": {
    "code": "6-05-0533-06",
    "name": "Математика",
    "qualification": "Математик. Преподаватель"
  }
},
{
  "model": "umo.shifr",
  "pk": 96,
  "fields": {
    "code": "6-05-0533-07",
    "name": "Математика и компьютерные науки",
    "qualification": "Математик. Программист"
  }
},
{
  "model": "umo.shifr",
  "pk": 97,
  "fields": {
    "code": "6-05-0533-08",
    "name": "Компьютерная математика и системный анализ",
    "qualification": "Математик-системный аналитик"
  }
},
{
  "model": "umo.shifr",
  "pk": 98,
  "fields": {
    "code": "6-05-0533-09",
    "name": "Механика и математическое моделирование",
    "qualification": "Механик. Математик-прикладник"
  }
},
{
  "model": "umo.shifr",
  "pk": 99,
  "fields": {
    "code": "6-05-0533-10",
    "name": "Актуарная математика",
    "qualification": "Математик-актуарий"
  }
},
{
  "model": "umo.shifr",
  "pk": 100,
  "fields": {
    "code": "6-05-0533-11",
    "name": "Прикладная информатика",
    "qualification": "Информатик. Специалист по разработке программного обеспечения"
  }
},
{
  "model": "umo.shifr",
  "pk": 101,
  "fields": {
    "code": "6-05-0611-01",
    "name": "Информационные системы и технологии",
    "qualification": "Инженер-программист"
  }
},
{
  "model": "umo.shifr",
  "pk": 102,
  "fields": {
    "code": "6-05-0611-02",
    "name": "Электронный маркетинг",
    "qualification": "Маркетолог-программист"
  }
},
{
  "model": "umo.shifr",
  "pk": 103,
  "fields": {
    "code": "6-05-0611-03",
    "name": "Веб-программирование и интернет-технологии",
    "qualification": "Программист. Веб-дизайнер"
  }
},
{
  "model": "umo.shifr",
  "pk": 104,
  "fields": {
    "code": "6-05-0611-04",
    "name": "Искусственный интеллект",
    "qualification": "Инженер-системотехник"
  }
},
{
  "model": "umo.shifr",
  "pk": 105,
  "fields": {
    "code": "6-05-0611-05",
    "name": "Компьютерная инженерия",
    "qualification": "Инженер-системотехник"
  }
},
{
  "model": "umo.shifr",
  "pk": 106,
  "fields": {
    "code": "6-05-0611-06",
    "name": "Компьютерная безопасность",
    "qualification": "Специалист по защите информации. Математик"
  }
},
{
  "model": "umo.shifr",
  "pk": 107,
  "fields": {
    "code": "6-05-0612-02",
    "name": "Информатика и технологии программирования",
    "qualification": "Инженер-программист"
  }
},
{
  "model": "umo.shifr",
  "pk": 108,
  "fields": {
    "code": "6-05-0612-03",
    "name": "Системы управления информацией",
    "qualification": "Инженер-системный аналитик"
  }
},
{
  "model": "umo.shifr",
  "pk": 109,
  "fields": {
    "code": "6-05-0711-01",
    "name": "Теплоэнергетика и теплотехника",
    "qualification": "Инженер-энергетик"
  }
},
{
  "model": "umo.shifr",
  "pk": 110,
  "fields": {
    "code": "6-05-0711-02",
    "name": "Электроэнергетика и электротехника",
    "qualification": "Инженер-энергетик"
  }
},
{
  "model": "umo.shifr",
  "pk": 111,
  "fields": {
    "code": "6-05-0711-03",
    "name": "Ядерная энергетика",
    "qualification": "Инженер-энергетик"
  }
},
{
  "model": "umo.shifr",
  "pk": 112,
  "fields": {
    "code": "6-05-0711-04",
    "name": "Промышленная теплоэнергетика",
    "qualification": "Инженер-энергетик"
  }
},
{
  "model": "umo.shifr",
  "pk": 113,
  "fields": {
    "code": "6-05-0711-05",
    "name": "Энергетические системы и комплексы",
    "qualification": "Инженер-энергетик"
  }
},
{
  "model": "umo.shifr",
  "pk": 114,
  "fields": {
    "code": "6-05-0712-01",
    "name": "Энергетический менеджмент",
    "qualification": "Инженер-менеджер"
  }
},
{
  "model": "umo.shifr",
  "pk": 115,
  "fields": {
    "code": "6-05-0713-01",
    "name": "Электроника и микросистемная техника",
    "qualification": "Инженер по электронике"
  }
},
{
  "model": "umo.shifr",
  "pk": 116,
  "fields": {
    "code": "6-05-0713-02",
    "name": "Электронные системы и технологии",
    "qualification": "Инженер по электронной технике"
  }
},
{
  "model": "umo.shifr",
  "pk": 117,
  "fields": {
    "code": "6-05-0713-03",
    "name": "Радиотехника и инфокоммуникационные технологии",
    "qualification": "Инженер по инфокоммуникациям"
  }
},
{
  "model": "umo.shifr",
  "pk": 118,
  "fields": {
    "code": "6-05-0713-04",
    "name": "Автоматизация технологических процессов и производств",
    "qualification": "Инженер по автоматизации"
  }
},
{
  "model": "umo.shifr",
  "pk": 119,
  "fields": {
    "code": "6-05-0713-05",
    "name": "Робототехнические системы",
    "qualification": "Инженер-электроник"
  }
},
{
  "model": "umo.shifr",
  "pk": 120,
  "fields": {
    "code": "6-05-0714-01",
    "name": "Технологии машиностроения",
    "qualification": "Инженер"
  }
},
{
  "model": "umo.shifr",
  "pk": 121,
  "fields": {
    "code": "6-05-0714-02",
    "name": "Технологическое оборудование машиностроительного производства",
    "qualification": "Инженер"
  }
},
{
  "model": "umo.shifr",
  "pk": 122,
  "fields": {
    "code": "6-05-0714-03",
    "name": "Инженерно-техническое проектирование и производство материалов",
    "qualification": "Инженер"
  }
},
{
  "model": "umo.shifr",
  "pk": 123,
  "fields": {
    "code": "6-05-0714-04",
    "name": "Гидропневмосистемы мобильных и технологических машин",
    "qualification": "Инженер"
  }
},
{
  "model": "umo.shifr",
  "pk": 124,
  "fields": {
    "code": "6-05-0714-05",
    "name": "Металлургическое производство и материалообработка",
    "qualification": "Инженер"
  }
},
{
  "model": "umo.shifr",
  "pk": 125,
  "fields": {
    "code": "6-05-0715-01",
    "name": "Автомобили, трактора, мобильные и технологические комплексы",
    "qualification": "Инженер"
  }
},
{
  "model": "umo.shifr",
  "pk": 126,
  "fields": {
    "code": "6-05-0715-02",
    "name": "Двигатели внутреннего сгорания",
    "qualification": "Инженер"
  }
},
{
  "model": "umo.shifr",
  "pk": 127,
  "fields": {
    "code": "6-05-0715-03",
    "name": "Городской электрический транспорт",
    "qualification": "Инженер"
  }
},
{
  "model": "umo.shifr",
  "pk": 128,
  "fields": {
    "code": "6-05-0715-04",
    "name": "Летная эксплуатация воздушных судов",
    "qualification": "Инженер-пилот"
  }
},
{
  "model": "umo.shifr",
  "pk": 129,
  "fields": {
    "code": "6-05-0715-05",
    "name": "Беспилотные авиационные комплексы",
    "qualification": "Инженер-техник"
  }
},
{
  "model": "umo.shifr",
  "pk": 130,
  "fields": {
    "code": "6-05-0715-06",
    "name": "Организация движения и обеспечение полетов на воздушном транспорте",
    "qualification": "Инженер по организации движения"
  }
},
{
  "model": "umo.shifr",
  "pk": 131,
  "fields": {
    "code": "6-05-0715-07",
    "name": "Организация перевозок и управление на автомобильном транспорте",
    "qualification": "Инженер-инспектор. Менеджер"
  }
},
{
  "model": "umo.shifr",
  "pk": 132,
  "fields": {
    "code": "6-05-0715-08",
    "name": "Подвижной состав железнодорожного транспорта",
    "qualification": "Инженер-механик"
  }
},
{
  "model": "umo.shifr",
  "pk": 133,
  "fields": {
    "code": "6-05-0715-09",
    "name": "Системы обеспечения движения поездов",
    "qualification": "Инженер-электрик"
  }
},
{
  "model": "umo.shifr",
  "pk": 134,
  "fields": {
    "code": "6-05-0715-10",
    "name": "Управление движением на железнодорожном транспорте",
    "qualification": "Инженер по управлению на транспорте"
  }
},
{
  "model": "umo.shifr",
  "pk": 135,
  "fields": {
    "code": "6-05-0715-11",
    "name": "Судостроение и техническая эксплуатация водного транспорта",
    "qualification": "Инженер-механик"
  }
},
{
  "model": "umo.shifr",
  "pk": 136,
  "fields": {
    "code": "6-05-0716-01",
    "name": "Метрология, стандартизация и контроль качества",
    "qualification": "Инженер по метрологии и стандартизации"
  }
},
{
  "model": "umo.shifr",
  "pk": 137,
  "fields": {
    "code": "6-05-0716-02",
    "name": "Методы и приборы контроля качества и диагностики состояния объектов",
    "qualification": "Инженер"
  }
},
{
  "model": "umo.shifr",
  "pk": 138,
  "fields": {
    "code": "6-05-0716-03",
    "name": "Информационно-измерительные приборы и системы",
    "qualification": "Инженер-электроник"
  }
},
{
  "model": "umo.shifr",
  "pk": 139,
  "fields": {
    "code": "6-05-0716-04",
    "name": "Оптико-электронные и лазерные приборы и системы",
    "qualification": "Инженер-физик"
  }
},
{
  "model": "umo.shifr",
  "pk": 140,
  "fields": {
    "code": "6-05-0716-05",
    "name": "Биомедицинская инженерия",
    "qualification": "Инженер-электроник"
  }
},
{
  "model": "umo.shifr",
  "pk": 141,
  "fields": {
    "code": "6-05-0717-01",
    "name": "Организация производства",
    "qualification": "Инженер-экономист"
  }
},
{
  "model": "umo.shifr",
  "pk": 142,
  "fields": {
    "code": "6-05-0718-01",
    "name": "Архитектура",
    "qualification": "Архитектор"
  }
},
{
  "model": "umo.shifr",
  "pk": 143,
  "fields": {
    "code": "6-05-0718-02",
    "name": "Архитектурный дизайн",
    "qualification": "Архитектор-дизайнер"
  }
},
{
  "model": "umo.shifr",
  "pk": 144,
  "fields": {
    "code": "6-05-0721-01",
    "name": "Производство продуктов питания из растительного сырья",
    "qualification": "Инженер-технологический менеджер"
  }
},
{
  "model": "umo.shifr",
  "pk": 145,
  "fields": {
    "code": "6-05-0721-02",
    "name": "Производство продуктов питания из животного сырья",
    "qualification": "Инженер-технолог"
  }
},
{
  "model": "umo.shifr",
  "pk": 146,
  "fields": {
    "code": "6-05-0721-03",
    "name": "Технология продукции и организация общественного питания",
    "qualification": "Инженер-технолог"
  }
},
{
  "model": "umo.shifr",
  "pk": 147,
  "fields": {
    "code": "6-05-0722-01",
    "name": "Технология и проектирование текстильных изделий",
    "qualification": "Инженер-технолог"
  }
},
{
  "model": "umo.shifr",
  "pk": 148,
  "fields": {
    "code": "6-05-0722-02",
    "name": "Конструирование и технология швейных изделий",
    "qualification": "Инженер-конструктор-технолог"
  }
},
{
  "model": "umo.shifr",
  "pk": 149,
  "fields": {
    "code": "6-05-0722-03",
    "name": "Производство изделий из кожи",
    "qualification": "Инженер-технолог"
  }
},
{
  "model": "umo.shifr",
  "pk": 150,
  "fields": {
    "code": "6-05-0722-04",
    "name": "Технология и дизайн изделий из древесины",
    "qualification": "Инженер-технолог-дизайнер"
  }
},
{
  "model": "umo.shifr",
  "pk": 151,
  "fields": {
    "code": "6-05-0722-05",
    "name": "Производство деревообрабатывающих предприятий",
    "qualification": "Инженер-технолог"
  }
},
{
  "model": "umo.shifr",
  "pk": 152,
  "fields": {
    "code": "6-05-0723-01",
    "name": "Химические технологии полимерных материалов и порохов",
    "qualification": "Инженер-химик-технолог"
  }
},
{
  "model": "umo.shifr",
  "pk": 153,
  "fields": {
    "code": "6-05-0723-02",
    "name": "Химические технологии неорганических веществ и материалов",
    "qualification": "Инженер-технолог"
  }
},
{
  "model": "umo.shifr",
  "pk": 154,
  "fields": {
    "code": "6-05-0723-03",
    "name": "Переработка нефти и газа",
    "qualification": "Инженер-технолог"
  }
},
{
  "model": "umo.shifr",
  "pk": 155,
  "fields": {
    "code": "6-05-0723-04",
    "name": "Электрохимические производства",
    "qualification": "Инженер-химик-технолог"
  }
},
{
  "model": "umo.shifr",
  "pk": 156,
  "fields": {
    "code": "6-05-0724-01",
    "name": "Полиграфические производства",
    "qualification": "Инженер-технолог"
  }
},
{
  "model": "umo.shifr",
  "pk": 157,
  "fields": {
    "code": "6-05-0724-02",
    "name": "Технология издательско-полиграфических производств",
    "qualification": "Инженер-технолог"
  }
},
{
  "model": "umo.shifr",
  "pk": 158,
  "fields": {
    "code": "6-05-0725-01",
    "name": "Разработка месторождений полезных ископаемых",
    "qualification": "Горный инженер"
  }
},
{
  "model": "umo.shifr",
  "pk": 159,
  "fields": {
    "code": "6-05-0725-02",
    "name": "Обогащение полезных ископаемых",
    "qualification": "Горный инженер-технолог"
  }
},
{
  "model": "umo.shifr",
  "pk": 160,
  "fields": {
    "code": "6-05-0731-01",
    "name": "Строительство зданий и сооружений",
    "qualification": "Инженер-строитель"
  }
},
{
  "model": "umo.shifr",
  "pk": 161,
  "fields": {
    "code": "6-05-0731-02",
    "name": "Инженерные сети, оборудование зданий и сооружений",
    "qualification": "Инженер-строитель"
  }
},
{
  "model": "umo.shifr",
  "pk": 162,
  "fields": {
    "code": "6-05-0731-03",
    "name": "Производство строительных изделий и конструкций",
    "qualification": "Инженер-строитель-технолог"
  }
},
{
  "model": "umo.shifr",
  "pk": 163,
  "fields": {
    "code": "6-05-0731-04",
    "name": "Автомобильные дороги, мосты и туннели",
    "qualification": "Инженер-строитель"
  }
},
{
  "model": "umo.shifr",
  "pk": 164,
  "fields": {
    "code": "6-05-0731-05",
    "name": "Геодезия и картография",
    "qualification": "Инженер-геодезист"
  }
},
{
  "model": "umo.shifr",
  "pk": 165,
  "fields": {
    "code": "6-05-0731-06",
    "name": "Управление недвижимостью",
    "qualification": "Инженер-менеджер. Экономист"
  }
},
{
  "model": "umo.shifr",
  "pk": 166,
  "fields": {
    "code": "6-05-0732-01",
    "name": "Охрана окружающей среды и природопользование",
    "qualification": "Инженер-эколог"
  }
},
{
  "model": "umo.shifr",
  "pk": 167,
  "fields": {
    "code": "6-05-0732-02",
    "name": "Рациональное использование водных ресурсов",
    "qualification": "Инженер-строитель-эколог"
  }
},
{
  "model": "umo.shifr",
  "pk": 168,
  "fields": {
    "code": "6-05-0811-01",
    "name": "Агрономия",
    "qualification": "Агроном"
  }
},
{
  "model": "umo.shifr",
  "pk": 169,
  "fields": {
    "code": "6-05-0811-02",
    "name": "Защита растений и карантин",
    "qualification": "Агроном по защите растений"
  }
},
{
  "model": "umo.shifr",
  "pk": 170,
  "fields": {
    "code": "6-05-0811-03",
    "name": "Плодоовощеводство",
    "qualification": "Агроном"
  }
},
{
  "model": "umo.shifr",
  "pk": 171,
  "fields": {
    "code": "6-05-0811-04",
    "name": "Агрохимия и почвоведение",
    "qualification": "Агрохимик-почвовед"
  }
},
{
  "model": "umo.shifr",
  "pk": 172,
  "fields": {
    "code": "6-05-0812-01",
    "name": "Зоотехния",
    "qualification": "Зооинженер"
  }
},
{
  "model": "umo.shifr",
  "pk": 173,
  "fields": {
    "code": "6-05-0812-02",
    "name": "Промышленное рыбоводство",
    "qualification": "Инженер-рыбовод"
  }
},
{
  "model": "umo.shifr",
  "pk": 174,
  "fields": {
    "code": "6-05-0821-01",
    "name": "Лесное хозяйство",
    "qualification": "Инженер лесного хозяйства"
  }
},
{
  "model": "umo.shifr",
  "pk": 175,
  "fields": {
    "code": "6-05-0821-02",
    "name": "Садово-парковое строительство",
    "qualification": "Инженер садово-паркового строительства"
  }
},
{
  "model": "umo.shifr",
  "pk": 176,
  "fields": {
    "code": "6-05-0831-01",
    "name": "Техническое обеспечение процессов сельскохозяйственного производства",
    "qualification": "Инженер"
  }
},
{
  "model": "umo.shifr",
  "pk": 177,
  "fields": {
    "code": "6-05-0831-02",
    "name": "Техническое обеспечение производства сельскохозяйственной продукции",
    "qualification": "Инженер"
  }
},
{
  "model": "umo.shifr",
  "pk": 178,
  "fields": {
    "code": "6-05-0831-03",
    "name": "Энергетическое обеспечение сельского хозяйства",
    "qualification": "Инженер-энергетик"
  }
},
{
  "model": "umo.shifr",
  "pk": 179,
  "fields": {
    "code": "6-05-0841-01",
    "name": "Управление охраной труда в сельском хозяйстве",
    "qualification": "Инженер по охране труда"
  }
},
{
  "model": "umo.shifr",
  "pk": 180,
  "fields": {
    "code": "6-05-0911-01",
    "name": "Лечебное дело",
    "qualification": "Врач"
  }
},
{
  "model": "umo.shifr",
  "pk": 181,
  "fields": {
    "code": "6-05-0911-02",
    "name": "Медико-профилактическое дело",
    "qualification": "Врач-гигиенист. Эпидемиолог"
  }
},
{
  "model": "umo.shifr",
  "pk": 182,
  "fields": {
    "code": "6-05-0911-03",
    "name": "Педиатрия",
    "qualification": "Врач-педиатр"
  }
},
{
  "model": "umo.shifr",
  "pk": 183,
  "fields": {
    "code": "6-05-0911-04",
    "name": "Медико-диагностическое дело",
    "qualification": "Врач-диагност"
  }
},
{
  "model": "umo.shifr",
  "pk": 184,
  "fields": {
    "code": "6-05-0911-05",
    "name": "Стоматология",
    "qualification": "Врач-стоматолог"
  }
},
{
  "model": "umo.shifr",
  "pk": 185,
  "fields": {
    "code": "6-05-0912-01",
    "name": "Фармация",
    "qualification": "Провизор"
  }
},
{
  "model": "umo.shifr",
  "pk": 186,
  "fields": {
    "code": "6-05-0913-01",
    "name": "Сестринское дело",
    "qualification": "Медицинская сестра с высшим образованием"
  }
},
{
  "model": "umo.shifr",
  "pk": 187,
  "fields": {
    "code": "6-05-0981-01",
    "name": "Медико-биологическое дело",
    "qualification": "Биолог-аналитик. Преподаватель"
  }
},
{
  "model": "umo.shifr",
  "pk": 188,
  "fields": {
    "code": "6-05-1011-01",
    "name": "Экологический туризм",
    "qualification": "Специалист в области туризма"
  }
},
{
  "model": "umo.shifr",
  "pk": 189,
  "fields": {
    "code": "6-05-1012-01",
    "name": "Ресторанно-гостиничный бизнес",
    "qualification": "Специалист по гостеприимству"
  }
},
{
  "model": "umo.shifr",
  "pk": 190,
  "fields": {
    "code": "6-05-1013-01",
    "name": "Туризм и гостеприимство",
    "qualification": "Специалист в сфере туризма и гостеприимства"
  }
},
{
  "model": "umo.shifr",
  "pk": 191,
  "fields": {
    "code": "6-05-1014-01",
    "name": "Коммунальное хозяйство и благоустройство",
    "qualification": "Инженер коммунального хозяйства"
  }
},
{
  "model": "umo.shifr",
  "pk": 192,
  "fields": {
    "code": "6-05-1015-01",
    "name": "Бытовое обслуживание населения",
    "qualification": "Специалист по бытовому обслуживанию"
  }
},
{
  "model": "umo.shifr",
  "pk": 193,
  "fields": {
    "code": "6-05-1021-01",
    "name": "Охрана общественного порядка и общественная безопасность",
    "qualification": "Юрист"
  }
},
{
  "model": "umo.shifr",
  "pk": 194,
  "fields": {
    "code": "6-05-1021-02",
    "name": "Судебная экспертиза",
    "qualification": "Судебный эксперт. Юрист"
  }
},
{
  "model": "umo.shifr",
  "pk": 195,
  "fields": {
    "code": "6-05-1022-01",
    "name": "Защита в чрезвычайных ситуациях",
    "qualification": "Инженер по чрезвычайным ситуациям"
  }
},
{
  "model": "umo.shifr",
  "pk": 196,
  "fields": {
    "code": "6-05-1022-02",
    "name": "Пожарная и промышленная безопасность",
    "qualification": "Инженер по пожарной безопасности"
  }
},
{
  "model": "umo.shifr",
  "pk": 197,
  "fields": {
    "code": "6-05-1031-01",
    "name": "Военное управление",
    "qualification": "Специалист по управлению"
  }
},
{
  "model": "umo.shifr",
  "pk": 198,
  "fields": {
    "code": "6-05-1031-02",
    "name": "Управление подразделениями сухопутных войск",
    "qualification": "Специалист по управлению. Инженер"
  }
},
{
  "model": "umo.shifr",
  "pk": 199,
  "fields": {
    "code": "6-05-1031-03",
    "name": "Управление подразделениями военно-воздушных сил",
    "qualification": "Специалист по управлению. Пилот"
  }
},
{
  "model": "umo.shifr",
  "pk": 200,
  "fields": {
    "code": "6-05-1032-01",
    "name": "Идеологическая работа в Вооруженных Силах",
    "qualification": "Специалист по идеологической работе"
  }
},
{
  "model": "umo.shifr",
  "pk": 201,
  "fields": {
    "code": "6-05-1041-01",
    "name": "Организация пограничной безопасности",
    "qualification": "Специалист по управлению"
  }
},
{
  "model": "umo.shifr",
  "pk": 202,
  "fields": {
    "code": "6-05-1042-01",
    "name": "Транспортная логистика",
    "qualification": "Инженер-инспектор. Логист"
  }
},
{
  "model": "umo.shifr",
  "pk": 203,
  "fields": {
    "code": "6-05-1042-02",
    "name": "Организация экспедиторской деятельности",
    "qualification": "Специалист по экспедированию транспортных услуг"
  }
},
{
  "model": "umo.shifr",
  "pk": 204,
  "fields": {
    "code": "7-06-0111-01",
    "name": "Дошкольное образование",
    "qualification": "Магистр"
  }
},
{
  "model": "umo.shifr",
  "pk": 205,
  "fields": {
    "code": "7-06-0112-01",
    "name": "Начальное образование",
    "qualification": "Магистр"
  }
},
{
  "model": "umo.shifr",
  "pk": 206,
  "fields": {
    "code": "7-06-0113-01",
    "name": "Современное панславянское языкознание и литературоведение",
    "qualification": "Магистр"
  }
},
{
  "model": "umo.shifr",
  "pk": 207,
  "fields": {
    "code": "7-06-0113-02",
    "name": "Языковое и литературное образование",
    "qualification": "Магистр"
  }
},
{
  "model": "umo.shifr",
  "pk": 208,
  "fields": {
    "code": "7-06-0113-03",
    "name": "Математическое и физико-математическое образование",
    "qualification": "Магистр"
  }
},
{
  "model": "umo.shifr",
  "pk": 209,
  "fields": {
    "code": "7-06-0113-04",
    "name": "Естественнонаучное образование",
    "qualification": "Магистр"
  }
},
{
  "model": "umo.shifr",
  "pk": 210,
  "fields": {
    "code": "7-06-0113-05",
    "name": "Историческое и социально-гуманитарное образование",
    "qualification": "Магистр"
  }
},
{
  "model": "umo.shifr",
  "pk": 211,
  "fields": {
    "code": "7-06-0113-06",
    "name": "Технологическое и художественное образование",
    "qualification": "Магистр"
  }
},
{
  "model": "umo.shifr",
  "pk": 212,
  "fields": {
    "code": "7-06-0114-01",
    "name": "Социально-педагогическая и психологическая деятельность",
    "qualification": "Магистр"
  }
},
{
  "model": "umo.shifr",
  "pk": 213,
  "fields": {
    "code": "7-06-0114-02",
    "name": "Инклюзивное и специальное образование",
    "qualification": "Магистр"
  }
},
{
  "model": "umo.shifr",
  "pk": 214,
  "fields": {
    "code": "7-06-0115-01",
    "name": "Физическая культура и спорт",
    "qualification": "Магистр"
  }
},
{
  "model": "umo.shifr",
  "pk": 215,
  "fields": {
    "code": "7-06-0211-01",
    "name": "Экранные искусства",
    "qualification": "Магистр"
  }
},
{
  "model": "umo.shifr",
  "pk": 216,
  "fields": {
    "code": "7-06-0211-02",
    "name": "Театральное искусство",
    "qualification": "Магистр"
  }
},
{
  "model": "umo.shifr",
  "pk": 217,
  "fields": {
    "code": "7-06-0211-03",
    "name": "Хореографическое искусство",
    "qualification": "Магистр"
  }
},
{
  "model": "umo.shifr",
  "pk": 218,
  "fields": {
    "code": "7-06-0211-04",
    "name": "Традиционная культура и современное народное творчество",
    "qualification": "Магистр"
  }
},
{
  "model": "umo.shifr",
  "pk": 219,
  "fields": {
    "code": "7-06-0212-01",
    "name": "Дизайн",
    "qualification": "Магистр"
  }
},
{
  "model": "umo.shifr",
  "pk": 220,
  "fields": {
    "code": "7-06-0213-01",
    "name": "Искусствоведение",
    "qualification": "Магистр"
  }
},
{
  "model": "umo.shifr",
  "pk": 221,
  "fields": {
    "code": "7-06-0214-01",
    "name": "Декоративно-прикладное искусство",
    "qualification": "Магистр"
  }
},
{
  "model": "umo.shifr",
  "pk": 222,
  "fields": {
    "code": "7-06-0215-01",
    "name": "Музыкальное искусство",
    "qualification": "Магистр"
  }
},
{
  "model": "umo.shifr",
  "pk": 223,
  "fields": {
    "code": "7-06-0221-01",
    "name": "Теология",
    "qualification": "Магистр"
  }
},
{
  "model": "umo.shifr",
  "pk": 224,
  "fields": {
    "code": "7-06-0222-01",
    "name": "Религиоведение",
    "qualification": "Магистр"
  }
},
{
  "model": "umo.shifr",
  "pk": 225,
  "fields": {
    "code": "7-06-0231-01",
    "name": "Языкознание",
    "qualification": "Магистр"
  }
},
{
  "model": "umo.shifr",
  "pk": 226,
  "fields": {
    "code": "7-06-0231-02",
    "name": "Литературоведение",
    "qualification": "Магистр"
  }
},
{
  "model": "umo.shifr",
  "pk": 227,
  "fields": {
    "code": "7-06-0232-01",
    "name": "Теория и практика межкультурной коммуникации",
    "qualification": "Магистр"
  }
},
{
  "model": "umo.shifr",
  "pk": 228,
  "fields": {
    "code": "7-06-0311-01",
    "name": "Психология",
    "qualification": "Магистр"
  }
},
{
  "model": "umo.shifr",
  "pk": 229,
  "fields": {
    "code": "7-06-0312-01",
    "name": "История",
    "qualification": "Магистр"
  }
},
{
  "model": "umo.shifr",
  "pk": 230,
  "fields": {
    "code": "7-06-0312-02",
    "name": "Философия",
    "qualification": "Магистр"
  }
},
{
  "model": "umo.shifr",
  "pk": 231,
  "fields": {
    "code": "7-06-0312-03",
    "name": "Востоковедение",
    "qualification": "Магистр"
  }
},
{
  "model": "umo.shifr",
  "pk": 232,
  "fields": {
    "code": "7-06-0313-01",
    "name": "Регионоведение",
    "qualification": "Магистр"
  }
},
{
  "model": "umo.shifr",
  "pk": 233,
  "fields": {
    "code": "7-06-0314-01",
    "name": "Социология",
    "qualification": "Магистр"
  }
},
{
  "model": "umo.shifr",
  "pk": 234,
  "fields": {
    "code": "7-06-0314-02",
    "name": "Социальная работа",
    "qualification": "Магистр"
  }
},
{
  "model": "umo.shifr",
  "pk": 235,
  "fields": {
    "code": "7-06-0315-01",
    "name": "Политология",
    "qualification": "Магистр"
  }
},
{
  "model": "umo.shifr",
  "pk": 236,
  "fields": {
    "code": "7-06-0321-01",
    "name": "Журналистика",
    "qualification": "Магистр"
  }
},
{
  "model": "umo.shifr",
  "pk": 237,
  "fields": {
    "code": "7-06-0321-02",
    "name": "Медиакоммуникации",
    "qualification": "Магистр"
  }
},
{
  "model": "umo.shifr",
  "pk": 238,
  "fields": {
    "code": "7-06-0322-01",
    "name": "Библиотечно-информационная деятельность",
    "qualification": "Магистр"
  }
},
{
  "model": "umo.shifr",
  "pk": 239,
  "fields": {
    "code": "7-06-0322-02",
    "name": "Музейное дело и охрана историко-культурного наследия",
    "qualification": "Магистр"
  }
},
{
  "model": "umo.shifr",
  "pk": 240,
  "fields": {
    "code": "7-06-0322-03",
    "name": "Архивоведение, документоведение и делопроизводство",
    "qualification": "Магистр"
  }
},
{
  "model": "umo.shifr",
  "pk": 241,
  "fields": {
    "code": "7-06-0411-01",
    "name": "Бухгалтерский учет, анализ и аудит",
    "qualification": "Магистр"
  }
},
{
  "model": "umo.shifr",
  "pk": 242,
  "fields": {
    "code": "7-06-0412-01",
    "name": "Финансы, налогообложение и кредит",
    "qualification": "Магистр"
  }
},
{
  "model": "umo.shifr",
  "pk": 243,
  "fields": {
    "code": "7-06-0412-02",
    "name": "Мировая экономика",
    "qualification": "Магистр"
  }
},
{
  "model": "umo.shifr",
  "pk": 244,
  "fields": {
    "code": "7-06-0412-03",
    "name": "Логистика",
    "qualification": "Магистр"
  }
},
{
  "model": "umo.shifr",
  "pk": 245,
  "fields": {
    "code": "7-06-0412-04",
    "name": "Маркетинг",
    "qualification": "Магистр"
  }
},
{
  "model": "umo.shifr",
  "pk": 246,
  "fields": {
    "code": "7-06-0413-01",
    "name": "Экономика",
    "qualification": "Магистр"
  }
},
{
  "model": "umo.shifr",
  "pk": 247,
  "fields": {
    "code": "7-06-0413-02",
    "name": "Экономика и управление",
    "qualification": "Магистр"
  }
},
{
  "model": "umo.shifr",
  "pk": 248,
  "fields": {
    "code": "7-06-0413-03",
    "name": "Государственное управление и экономика",
    "qualification": "Магистр"
  }
},
{
  "model": "umo.shifr",
  "pk": 249,
  "fields": {
    "code": "7-06-0414-01",
    "name": "Менеджмент",
    "qualification": "Магистр"
  }
},
{
  "model": "umo.shifr",
  "pk": 250,
  "fields": {
    "code": "7-06-0414-02",
    "name": "Управление информационными ресурсами",
    "qualification": "Магистр"
  }
},
{
  "model": "umo.shifr",
  "pk": 251,
  "fields": {
    "code": "7-06-0414-03",
    "name": "Государственное управление и право",
    "qualification": "Магистр"
  }
},
{
  "model": "umo.shifr",
  "pk": 252,
  "fields": {
    "code": "7-06-0414-04",
    "name": "Бизнес-администрирование",
    "qualification": "Магистр"
  }
},
{
  "model": "umo.shifr",
  "pk": 253,
  "fields": {
    "code": "7-06-0414-05",
    "name": "Управление персоналом",
    "qualification": "Магистр"
  }
},
{
  "model": "umo.shifr",
  "pk": 254,
  "fields": {
    "code": "7-06-0415-01",
    "name": "Экономическая информатика",
    "qualification": "Магистр"
  }
},
{
  "model": "umo.shifr",
  "pk": 255,
  "fields": {
    "code": "7-06-0421-01",
    "name": "Юриспруденция",
    "qualification": "Магистр"
  }
},
{
  "model": "umo.shifr",
  "pk": 256,
  "fields": {
    "code": "7-06-0421-02",
    "name": "Международное право",
    "qualification": "Магистр"
  }
},
{
  "model": "umo.shifr",
  "pk": 257,
  "fields": {
    "code": "7-06-0421-03",
    "name": "Прокурорская и следственная деятельность",
    "qualification": "Магистр"
  }
},
{
  "model": "umo.shifr",
  "pk": 258,
  "fields": {
    "code": "7-06-0511-01",
    "name": "Биология",
    "qualification": "Магистр"
  }
},
{
  "model": "umo.shifr",
  "pk": 259,
  "fields": {
    "code": "7-06-0511-02",
    "name": "Биохимия",
    "qualification": "Магистр"
  }
},
{
  "model": "umo.shifr",
  "pk": 260,
  "fields": {
    "code": "7-06-0511-03",
    "name": "Микробиология",
    "qualification": "Магистр"
  }
},
{
  "model": "umo.shifr",
  "pk": 261,
  "fields": {
    "code": "7-06-0511-04",
    "name": "Биоэкология",
    "qualification": "Магистр"
  }
},
{
  "model": "umo.shifr",
  "pk": 262,
  "fields": {
    "code": "7-06-0511-05",
    "name": "Биоинженерия и биоинформатика",
    "qualification": "Магистр"
  }
},
{
  "model": "umo.shifr",
  "pk": 263,
  "fields": {
    "code": "7-06-0511-06",
    "name": "Биотехнология",
    "qualification": "Магистр"
  }
},
{
  "model": "umo.shifr",
  "pk": 264,
  "fields": {
    "code": "7-06-0521-01",
    "name": "Геоэкология",
    "qualification": "Магистр"
  }
},
{
  "model": "umo.shifr",
  "pk": 265,
  "fields": {
    "code": "7-06-0522-01",
    "name": "Гидрометеорология",
    "qualification": "Магистр"
  }
},
{
  "model": "umo.shifr",
  "pk": 266,
  "fields": {
    "code": "7-06-0531-01",
    "name": "Химия",
    "qualification": "Магистр"
  }
},
{
  "model": "umo.shifr",
  "pk": 267,
  "fields": {
    "code": "7-06-0532-01",
    "name": "География",
    "qualification": "Магистр"
  }
},
{
  "model": "umo.shifr",
  "pk": 268,
  "fields": {
    "code": "7-06-0532-02",
    "name": "Геология",
    "qualification": "Магистр"
  }
},
{
  "model": "umo.shifr",
  "pk": 269,
  "fields": {
    "code": "7-06-0533-01",
    "name": "Физика",
    "qualification": "Магистр"
  }
},
{
  "model": "umo.shifr",
  "pk": 270,
  "fields": {
    "code": "7-06-0533-02",
    "name": "Радиофизика и информационные технологии",
    "qualification": "Магистр"
  }
},
{
  "model": "umo.shifr",
  "pk": 271,
  "fields": {
    "code": "7-06-0533-03",
    "name": "Математика",
    "qualification": "Магистр"
  }
},
{
  "model": "umo.shifr",
  "pk": 272,
  "fields": {
    "code": "7-06-0533-04",
    "name": "Математика и компьютерные науки",
    "qualification": "Магистр"
  }
},
{
  "model": "umo.shifr",
  "pk": 273,
  "fields": {
    "code": "7-06-0533-05",
    "name": "Механика и математическое моделирование",
    "qualification": "Магистр"
  }
},
{
  "model": "umo.shifr",
  "pk": 274,
  "fields": {
    "code": "7-06-0533-06",
    "name": "Прикладная информатика",
    "qualification": "Магистр"
  }
},
{
  "model": "umo.shifr",
  "pk": 275,
  "fields": {
    "code": "7-06-0611-01",
    "name": "Информационные системы и технологии",
    "qualification": "Магистр"
  }
},
{
  "model": "umo.shifr",
  "pk": 276,
  "fields": {
    "code": "7-06-0611-02",
    "name": "Веб-программирование и интернет-технологии",
    "qualification": "Магистр"
  }
},
{
  "model": "umo.shifr",
  "pk": 277,
  "fields": {
    "code": "7-06-0611-03",
    "name": "Искусственный интеллект",
    "qualification": "Магистр"
  }
},
{
  "model": "umo.shifr",
  "pk": 278,
  "fields": {
    "code": "7-06-0611-04",
    "name": "Компьютерная инженерия",
    "qualification": "Магистр"
  }
},
{
  "model": "umo.shifr",
  "pk": 279,
  "fields": {
    "code": "7-06-0611-05",
    "name": "Компьютерная безопасность",
    "qualification": "Магистр"
  }
},
{
  "model": "umo.shifr",
  "pk": 280,
  "fields": {
    "code": "7-06-0612-01",
    "name": "Программная инженерия",
    "qualification": "Магистр"
  }
},
{
  "model": "umo.shifr",
  "pk": 281,
  "fields": {
    "code": "7-06-0612-02",
    "name": "Информатика и технологии программирования",
    "qualification": "Магистр"
  }
},
{
  "model": "umo.shifr",
  "pk": 282,
  "fields": {
    "code": "7-06-0612-03",
    "name": "Системы управления информацией",
    "qualification": "Магистр"
  }
},
{
  "model": "umo.shifr",
  "pk": 283,
  "fields": {
    "code": "7-06-0711-01",
    "name": "Теплоэнергетика и теплотехника",
    "qualification": "Магистр"
  }
},
{
  "model": "umo.shifr",
  "pk": 284,
  "fields": {
    "code": "7-06-0711-02",
    "name": "Электроэнергетика и электротехника",
    "qualification": "Магистр"
  }
},
{
  "model": "umo.shifr",
  "pk": 285,
  "fields": {
    "code": "7-06-0711-03",
    "name": "Ядерная энергетика",
    "qualification": "Магистр"
  }
},
{
  "model": "umo.shifr",
  "pk": 286,
  "fields": {
    "code": "7-06-0711-04",
    "name": "Промышленная теплоэнергетика",
    "qualification": "Магистр"
  }
},
{
  "model": "umo.shifr",
  "pk": 287,
  "fields": {
    "code": "7-06-0712-01",
    "name": "Энергетический менеджмент",
    "qualification": "Магистр"
  }
},
{
  "model": "umo.shifr",
  "pk": 288,
  "fields": {
    "code": "7-06-0713-01",
    "name": "Электроника и микросистемная техника",
    "qualification": "Магистр"
  }
},
{
  "model": "umo.shifr",
  "pk": 289,
  "fields": {
    "code": "7-06-0713-02",
    "name": "Электронные системы и технологии",
    "qualification": "Магистр"
  }
},
{
  "model": "umo.shifr",
  "pk": 290,
  "fields": {
    "code": "7-06-0713-03",
    "name": "Радиотехника и инфокоммуникационные технологии",
    "qualification": "Магистр"
  }
},
{
  "model": "umo.shifr",
  "pk": 291,
  "fields": {
    "code": "7-06-0713-04",
    "name": "Автоматизация",
    "qualification": "Магистр"
  }
},
{
  "model": "umo.shifr",
  "pk": 292,
  "fields": {
    "code": "7-06-0713-05",
    "name": "Робототехника",
    "qualification": "Магистр"
  }
},
{
  "model": "umo.shifr",
  "pk": 293,
  "fields": {
    "code": "7-06-0714-01",
    "name": "Машиностроение",
    "qualification": "Магистр"
  }
},
{
  "model": "umo.shifr",
  "pk": 294,
  "fields": {
    "code": "7-06-0714-02",
    "name": "Проектирование и производство материалов",
    "qualification": "Магистр"
  }
},
{
  "model": "umo.shifr",
  "pk": 295,
  "fields": {
    "code": "7-06-0715-01",
    "name": "Транспортные системы и технологии",
    "qualification": "Магистр"
  }
},
{
  "model": "umo.shifr",
  "pk": 296,
  "fields": {
    "code": "7-06-0715-02",
    "name": "Организация перевозок и управление на транспорте",
    "qualification": "Магистр"
  }
},
{
  "model": "umo.shifr",
  "pk": 297,
  "fields": {
    "code": "7-06-0715-03",
    "name": "Железнодорожный транспорт и системы обеспечения движения поездов",
    "qualification": "Магистр"
  }
},
{
  "model": "umo.shifr",
  "pk": 298,
  "fields": {
    "code": "7-06-0716-01",
    "name": "Метрология, стандартизация и контроль качества",
    "qualification": "Магистр"
  }
},
{
  "model": "umo.shifr",
  "pk": 299,
  "fields": {
    "code": "7-06-0716-02",
    "name": "Приборостроение",
    "qualification": "Магистр"
  }
},
{
  "model": "umo.shifr",
  "pk": 300,
  "fields": {
    "code": "7-06-0716-03",
    "name": "Биомедицинская инженерия",
    "qualification": "Магистр"
  }
},
{
  "model": "umo.shifr",
  "pk": 301,
  "fields": {
    "code": "7-06-0717-01",
    "name": "Организация производства",
    "qualification": "Магистр"
  }
},
{
  "model": "umo.shifr",
  "pk": 302,
  "fields": {
    "code": "7-06-0718-01",
    "name": "Архитектура",
    "qualification": "Магистр"
  }
},
{
  "model": "umo.shifr",
  "pk": 303,
  "fields": {
    "code": "7-06-0718-02",
    "name": "Архитектурный дизайн",
    "qualification": "Магистр"
  }
},
{
  "model": "umo.shifr",
  "pk": 304,
  "fields": {
    "code": "7-06-0721-01",
    "name": "Производство продуктов питания",
    "qualification": "Магистр"
  }
},
{
  "model": "umo.shifr",
  "pk": 305,
  "fields": {
    "code": "7-06-0721-02",
    "name": "Технология продукции и организация общественного питания",
    "qualification": "Магистр"
  }
},
{
  "model": "umo.shifr",
  "pk": 306,
  "fields": {
    "code": "7-06-0722-01",
    "name": "Производство текстильных изделий, одежды и обуви",
    "qualification": "Магистр"
  }
},
{
  "model": "umo.shifr",
  "pk": 307,
  "fields": {
    "code": "7-06-0722-02",
    "name": "Деревообработка и дизайн изделий из древесины",
    "qualification": "Магистр"
  }
},
{
  "model": "umo.shifr",
  "pk": 308,
  "fields": {
    "code": "7-06-0723-01",
    "name": "Химические технологии",
    "qualification": "Магистр"
  }
},
{
  "model": "umo.shifr",
  "pk": 309,
  "fields": {
    "code": "7-06-0724-01",
    "name": "Полиграфические производства и технология издательского дела",
    "qualification": "Магистр"
  }
},
{
  "model": "umo.shifr",
  "pk": 310,
  "fields": {
    "code": "7-06-0725-01",
    "name": "Горное дело и обогащение полезных ископаемых",
    "qualification": "Магистр"
  }
},
{
  "model": "umo.shifr",
  "pk": 311,
  "fields": {
    "code": "7-06-0731-01",
    "name": "Строительство зданий и сооружений",
    "qualification": "Магистр"
  }
},
{
  "model": "umo.shifr",
  "pk": 312,
  "fields": {
    "code": "7-06-0731-02",
    "name": "Инженерные сети и технологическое оборудование зданий",
    "qualification": "Магистр"
  }
},
{
  "model": "umo.shifr",
  "pk": 313,
  "fields": {
    "code": "7-06-0731-03",
    "name": "Производство строительных материалов, изделий и конструкций",
    "qualification": "Магистр"
  }
},
{
  "model": "umo.shifr",
  "pk": 314,
  "fields": {
    "code": "7-06-0731-04",
    "name": "Строительство транспортных коммуникаций",
    "qualification": "Магистр"
  }
},
{
  "model": "umo.shifr",
  "pk": 315,
  "fields": {
    "code": "7-06-0731-05",
    "name": "Геодезия и картография",
    "qualification": "Магистр"
  }
},
{
  "model": "umo.shifr",
  "pk": 316,
  "fields": {
    "code": "7-06-0731-06",
    "name": "Управление недвижимостью",
    "qualification": "Магистр"
  }
},
{
  "model": "umo.shifr",
  "pk": 317,
  "fields": {
    "code": "7-06-0732-01",
    "name": "Охрана окружающей среды и рациональное использование ресурсов",
    "qualification": "Магистр"
  }
},
{
  "model": "umo.shifr",
  "pk": 318,
  "fields": {
    "code": "7-06-0811-01",
    "name": "Агрономия, защита растений и почвоведение",
    "qualification": "Магистр"
  }
},
{
  "model": "umo.shifr",
  "pk": 319,
  "fields": {
    "code": "7-06-0811-02",
    "name": "Плодоовощеводство",
    "qualification": "Магистр"
  }
},
{
  "model": "umo.shifr",
  "pk": 320,
  "fields": {
    "code": "7-06-0812-01",
    "name": "Зоотехния",
    "qualification": "Магистр"
  }
},
{
  "model": "umo.shifr",
  "pk": 321,
  "fields": {
    "code": "7-06-0821-01",
    "name": "Лесное хозяйство и садово-парковое строительство",
    "qualification": "Магистр"
  }
},
{
  "model": "umo.shifr",
  "pk": 322,
  "fields": {
    "code": "7-06-0831-01",
    "name": "Техническое и энергетическое обеспечение сельского хозяйства",
    "qualification": "Магистр"
  }
},
{
  "model": "umo.shifr",
  "pk": 323,
  "fields": {
    "code": "7-06-0841-01",
    "name": "Охрана труда в сельском хозяйстве",
    "qualification": "Магистр"
  }
},
{
  "model": "umo.shifr",
  "pk": 324,
  "fields": {
    "code": "7-06-0911-01",
    "name": "Клиническая медицина",
    "qualification": "Магистр"
  }
},
{
  "model": "umo.shifr",
  "pk": 325,
  "fields": {
    "code": "7-06-0911-02",
    "name": "Профилактическая медицина",
    "qualification": "Магистр"
  }
},
{
  "model": "umo.shifr",
  "pk": 326,
  "fields": {
    "code": "7-06-0911-03",
    "name": "Диагностическая медицина",
    "qualification": "Магистр"
  }
},
{
  "model": "umo.shifr",
  "pk": 327,
  "fields": {
    "code": "7-06-0911-04",
    "name": "Стоматология",
    "qualification": "Магистр"
  }
},
{
  "model": "umo.shifr",
  "pk": 328,
  "fields": {
    "code": "7-06-0912-01",
    "name": "Фармация",
    "qualification": "Магистр"
  }
},
{
  "model": "umo.shifr",
  "pk": 329,
  "fields": {
    "code": "7-06-0913-01",
    "name": "Сестринское дело",
    "qualification": "Магистр"
  }
},
{
  "model": "umo.shifr",
  "pk": 330,
  "fields": {
    "code": "7-06-0981-01",
    "name": "Медико-биологическое дело",
    "qualification": "Магистр"
  }
},
{
  "model": "umo.shifr",
  "pk": 331,
  "fields": {
    "code": "7-06-1011-01",
    "name": "Экологический туризм",
    "qualification": "Магистр"
  }
},
{
  "model": "umo.shifr",
  "pk": 332,
  "fields": {
    "code": "7-06-1012-01",
    "name": "Ресторанно-гостиничный бизнес",
    "qualification": "Магистр"
  }
},
{
  "model": "umo.shifr",
  "pk": 333,
  "fields": {
    "code": "7-06-1013-01",
    "name": "Туризм и гостеприимство",
    "qualification": "Магистр"
  }
},
{
  "model": "umo.shifr",
  "pk": 334,
  "fields": {
    "code": "7-06-1014-01",
    "name": "Коммунальное хозяйство и благоустройство",
    "qualification": "Магистр"
  }
},
{
  "model": "umo.shifr",
  "pk": 335,
  "fields": {
    "code": "7-06-1015-01",
    "name": "Бытовое обслуживание населения",
    "qualification": "Магистр"
  }
},
{
  "model": "umo.shifr",
  "pk": 336,
  "fields": {
    "code": "7-06-1021-01",
    "name": "Обеспечение общественной безопасности",
    "qualification": "Магистр"
  }
},
{
  "model": "umo.shifr",
  "pk": 337,
  "fields": {
    "code": "7-06-1022-01",
    "name": "Защита в чрезвычайных ситуациях, пожарная и промышленная безопасность",
    "qualification": "Магистр"
  }
},
{
  "model": "umo.shifr",
  "pk": 338,
  "fields": {
    "code": "7-06-1031-01",
    "name": "Военное управление",
    "qualification": "Магистр"
  }
},
{
  "model": "umo.shifr",
  "pk": 339,
  "fields": {
    "code": "7-06-1041-01",
    "name": "Организация пограничной безопасности",
    "qualification": "Магистр"
  }
},
{
  "model": "umo.shifr",
  "pk": 340,
  "fields": {
    "code": "7-06-1042-01",
    "name": "Транспортная логистика и экспедиторская деятельность",
    "qualification": "Магистр"
  }
},
{
  "model": "umo.shifr",
  "pk": 341,
  "fields": {
    "code": "7-07-0211-01",
    "name": "Сценография",
    "qualification": "Художник-постановщик. Преподаватель"
  }
},
{
  "model": "umo.shifr",
  "pk": 342,
  "fields": {
    "code": "7-07-0211-02",
    "name": "Живопись",
    "qualification": "Художник-живописец. Преподаватель"
  }
},
{
  "model": "umo.shifr",
  "pk": 343,
  "fields": {
    "code": "7-07-0211-03",
    "name": "Монументально-декоративное искусство",
    "qualification": "Художник монументально-декоративного искусства. Преподаватель"
  }
},
{
  "model": "umo.shifr",
  "pk": 344,
  "fields": {
    "code": "7-07-0211-04",
    "name": "Скульптура",
    "qualification": "Художник-скульптор. Преподаватель"
  }
},
{
  "model": "umo.shifr",
  "pk": 345,
  "fields": {
    "code": "7-07-0211-05",
    "name": "Графика",
    "qualification": "Художник-график. Преподаватель"
  }
},
{
  "model": "umo.shifr",
  "pk": 346,
  "fields": {
    "code": "7-07-0231-01",
    "name": "Переводческое дело",
    "qualification": "Переводчик. Специалист по межкультурным коммуникациям"
  }
},
{
  "model": "umo.shifr",
  "pk": 347,
  "fields": {
    "code": "7-07-0421-01",
    "name": "Правовое обеспечение национальной безопасности",
    "qualification": "Юрист"
  }
},
{
  "model": "umo.shifr",
  "pk": 348,
  "fields": {
    "code": "7-07-0421-02",
    "name": "Судебная и прокурорско-следственная деятельность",
    "qualification": "Юрист"
  }
},
{
  "model": "umo.shifr",
  "pk": 349,
  "fields": {
    "code": "7-07-0533-01",
    "name": "Фундаментальная физика и технологии",
    "qualification": "Физик. Исследователь"
  }
},
{
  "model": "umo.shifr",
  "pk": 350,
  "fields": {
    "code": "7-07-0711-01",
    "name": "Проектирование и эксплуатация атомных электрических станций",
    "qualification": "Инженер-физик"
  }
},
{
  "model": "umo.shifr",
  "pk": 351,
  "fields": {
    "code": "7-07-0714-01",
    "name": "Проектирование и производство ракетно-космических комплексов",
    "qualification": "Инженер-конструктор"
  }
},
{
  "model": "umo.shifr",
  "pk": 352,
  "fields": {
    "code": "7-07-0715-01",
    "name": "Испытания воздушных судов",
    "qualification": "Инженер-испытатель"
  }
},
{
  "model": "umo.shifr",
  "pk": 353,
  "fields": {
    "code": "7-07-0718-01",
    "name": "Архитектура",
    "qualification": "Архитектор"
  }
},
{
  "model": "umo.shifr",
  "pk": 354,
  "fields": {
    "code": "7-07-0718-02",
    "name": "Реставрация и реконструкция архитектурного наследия",
    "qualification": "Архитектор-реставратор"
  }
},
{
  "model": "umo.shifr",
  "pk": 355,
  "fields": {
    "code": "7-07-0841-01",
    "name": "Ветеринарная медицина",
    "qualification": "Врач ветеринарной медицины"
  }
},
{
  "model": "umo.shifr",
  "pk": 356,
  "fields": {
    "code": "7-07-0841-02",
    "name": "Ветеринарная санитария и экспертиза",
    "qualification": "Врач ветеринарно-санитарной экспертизы"
  }
},
{
  "model": "umo.shifr",
  "pk": 357,
  "fields": {
    "code": "7-07-0911-01",
    "name": "Лечебное дело",
    "qualification": "Врач-специалист"
  }
},
{
  "model": "umo.shifr",
  "pk": 358,
  "fields": {
    "code": "7-07-0911-02",
    "name": "Медико-профилактическое дело",
    "qualification": "Врач-гигиенист. Эпидемиолог"
  }
},
{
  "model": "umo.shifr",
  "pk": 359,
  "fields": {
    "code": "7-07-0911-03",
    "name": "Педиатрия",
    "qualification": "Врач-педиатр"
  }
},
{
  "model": "umo.shifr",
  "pk": 360,
  "fields": {
    "code": "7-07-0911-04",
    "name": "Медико-диагностическое дело",
    "qualification": "Врач-диагност"
  }
},
{
  "model": "umo.shifr",
  "pk": 361,
  "fields": {
    "code": "7-07-0911-05",
    "name": "Стоматология",
    "qualification": "Врач-стоматолог"
  }
},
{
  "model": "umo.shifr",
  "pk": 362,
  "fields": {
    "code": "7-07-0912-01",
    "name": "Фармация",
    "qualification": "Провизор"
  }
},
{
  "model": "umo.shifr",
  "pk": 363,
  "fields": {
    "code": "7-07-1021-01",
    "name": "Управление органами внутренних дел",
    "qualification": "Специалист по управлению"
  }
},
{
  "model": "umo.shifr",
  "pk": 364,
  "fields": {
    "code": "7-07-1031-01",
    "name": "Управление воинскими частями и соединениями",
    "qualification": "Специалист по управлению"
  }
},
{
  "model": "umo.shifr",
  "pk": 365,
  "fields": {
    "code": "7-07-1031-02",
    "name": "Применение подразделений специального назначения",
    "qualification": "Специалист по управлению"
  }
},
{
  "model": "chat.chatroom",
  "pk": 42,
  "fields": {
    "course": 1,
    "student": 43,
    "created_at": "2026-07-17T11:15:26.441Z"
  }
},
{
  "model": "chat.chatroom",
  "pk": 92,
  "fields": {
    "course": 3,
    "student": 43,
    "created_at": "2026-07-17T12:22:03.476Z"
  }
},
{
  "model": "chat.chatroom",
  "pk": 93,
  "fields": {
    "course": 1,
    "student": 4,
    "created_at": "2026-07-17T12:23:11.533Z"
  }
},
{
  "model": "chat.chatroom",
  "pk": 94,
  "fields": {
    "course": 1,
    "student": 2,
    "created_at": "2026-07-17T12:28:20.106Z"
  }
},
{
  "model": "chat.chatmessage",
  "pk": 1,
  "fields": {
    "room": 42,
    "sender_student": null,
    "sender_user": [
      "lz42"
    ],
    "text": "рас рас проверка связи",
    "is_read": true,
    "created_at": "2026-07-17T11:56:20.367Z"
  }
},
{
  "model": "chat.chatmessage",
  "pk": 2,
  "fields": {
    "room": 42,
    "sender_student": 43,
    "sender_user": null,
    "text": "и вам не хворалить",
    "is_read": true,
    "created_at": "2026-07-17T12:03:46.482Z"
  }
},
{
  "model": "chat.chatmessage",
  "pk": 3,
  "fields": {
    "room": 42,
    "sender_student": null,
    "sender_user": [
      "lz42"
    ],
    "text": "и тем не менее продолжим перепиську",
    "is_read": true,
    "created_at": "2026-07-17T12:11:27.425Z"
  }
},
{
  "model": "chat.chatmessage",
  "pk": 4,
  "fields": {
    "room": 42,
    "sender_student": 43,
    "sender_user": null,
    "text": "ну продолжим так продолжим",
    "is_read": true,
    "created_at": "2026-07-17T12:22:00.319Z"
  }
},
{
  "model": "chat.chatmessage",
  "pk": 5,
  "fields": {
    "room": 92,
    "sender_student": 43,
    "sender_user": null,
    "text": "креведко",
    "is_read": true,
    "created_at": "2026-07-17T12:22:10.057Z"
  }
},
{
  "model": "chat.chatmessage",
  "pk": 6,
  "fields": {
    "room": 93,
    "sender_student": 4,
    "sender_user": null,
    "text": "ая ая",
    "is_read": true,
    "created_at": "2026-07-17T12:23:18.096Z"
  }
},
{
  "model": "chat.chatmessage",
  "pk": 7,
  "fields": {
    "room": 94,
    "sender_student": null,
    "sender_user": [
      "lz42"
    ],
    "text": "где задания???",
    "is_read": true,
    "created_at": "2026-07-17T12:28:30.955Z"
  }
},
{
  "model": "chat.chatmessage",
  "pk": 8,
  "fields": {
    "room": 94,
    "sender_student": 2,
    "sender_user": null,
    "text": "а нема",
    "is_read": true,
    "created_at": "2026-07-17T12:43:20.464Z"
  }
},
{
  "model": "chat.chatmessage",
  "pk": 9,
  "fields": {
    "room": 92,
    "sender_student": 43,
    "sender_user": null,
    "text": "преведко",
    "is_read": true,
    "created_at": "2026-07-17T13:00:48.242Z"
  }
},
{
  "model": "chat.chatmessage",
  "pk": 10,
  "fields": {
    "room": 42,
    "sender_student": 43,
    "sender_user": null,
    "text": "ураааа!!!",
    "is_read": true,
    "created_at": "2026-07-17T13:36:30.431Z"
  }
},
{
  "model": "chat.chatmessage",
  "pk": 11,
  "fields": {
    "room": 42,
    "sender_student": null,
    "sender_user": [
      "lz42"
    ],
    "text": "чего радуемся",
    "is_read": true,
    "created_at": "2026-07-17T13:41:31.944Z"
  }
},
{
  "model": "chat.chatmessage",
  "pk": 12,
  "fields": {
    "room": 42,
    "sender_student": null,
    "sender_user": [
      "lz42"
    ],
    "text": "домой хочу",
    "is_read": true,
    "created_at": "2026-07-17T13:41:38.468Z"
  }
},
{
  "model": "testing.test",
  "pk": 1,
  "fields": {
    "author": [
      "lz42"
    ],
    "subject": 1,
    "name": "Тестовый тест",
    "description": null,
    "created_at": "2026-07-17T14:30:54.559Z",
    "updated_at": "2026-07-17T14:30:54.559Z"
  }
},
{
  "model": "testing.question",
  "pk": 1,
  "fields": {
    "test": 1,
    "text": "вопрос 1",
    "question_type": "single",
    "order": 0,
    "score": 10
  }
},
{
  "model": "testing.question",
  "pk": 2,
  "fields": {
    "test": 1,
    "text": "вопрос 2",
    "question_type": "single",
    "order": 0,
    "score": 10
  }
},
{
  "model": "testing.question",
  "pk": 3,
  "fields": {
    "test": 1,
    "text": "Вопрос 3",
    "question_type": "multiple",
    "order": 0,
    "score": 1
  }
},
{
  "model": "testing.choice",
  "pk": 1,
  "fields": {
    "question": 1,
    "text": "в1",
    "is_correct": false
  }
},
{
  "model": "testing.choice",
  "pk": 2,
  "fields": {
    "question": 1,
    "text": "в2",
    "is_correct": false
  }
},
{
  "model": "testing.choice",
  "pk": 3,
  "fields": {
    "question": 1,
    "text": "в3",
    "is_correct": false
  }
},
{
  "model": "testing.choice",
  "pk": 4,
  "fields": {
    "question": 1,
    "text": "в4",
    "is_correct": true
  }
},
{
  "model": "testing.choice",
  "pk": 7,
  "fields": {
    "question": 2,
    "text": "вар1",
    "is_correct": false
  }
},
{
  "model": "testing.choice",
  "pk": 8,
  "fields": {
    "question": 2,
    "text": "вар2",
    "is_correct": true
  }
},
{
  "model": "testing.choice",
  "pk": 9,
  "fields": {
    "question": 3,
    "text": "в1",
    "is_correct": false
  }
},
{
  "model": "testing.choice",
  "pk": 10,
  "fields": {
    "question": 3,
    "text": "в2",
    "is_correct": true
  }
},
{
  "model": "testing.choice",
  "pk": 11,
  "fields": {
    "question": 3,
    "text": "в3",
    "is_correct": true
  }
},
{
  "model": "admin.logentry",
  "pk": 1,
  "fields": {
    "action_time": "2026-07-14T14:57:23.873Z",
    "user": [
      "lz42"
    ],
    "content_type": [
      "structure",
      "faculty"
    ],
    "object_id": "7",
    "object_repr": "ИФФ",
    "action_flag": 2,
    "change_message": "[{\"changed\": {\"fields\": [\"\\u041f\\u043e\\u043b\\u043d\\u043e\\u0435 \\u043d\\u0430\\u0438\\u043c\\u0435\\u043d\\u043e\\u0432\\u0430\\u043d\\u0438\\u0435\", \"\\u041a\\u0440\\u0430\\u0442\\u043a\\u043e\\u0435 \\u043d\\u0430\\u0438\\u043c\\u0435\\u043d\\u043e\\u0432\\u0430\\u043d\\u0438\\u0435\", \"\\u0418\\u0434\\u0435\\u043d\\u0442\\u0438\\u0444\\u0438\\u043a\\u0430\\u0442\\u043e\\u0440\"]}}]"
  }
},
{
  "model": "admin.logentry",
  "pk": 2,
  "fields": {
    "action_time": "2026-07-14T14:58:06.211Z",
    "user": [
      "lz42"
    ],
    "content_type": [
      "structure",
      "faculty"
    ],
    "object_id": "3",
    "object_repr": "ФМЕ",
    "action_flag": 2,
    "change_message": "[{\"changed\": {\"fields\": [\"\\u041f\\u043e\\u043b\\u043d\\u043e\\u0435 \\u043d\\u0430\\u0438\\u043c\\u0435\\u043d\\u043e\\u0432\\u0430\\u043d\\u0438\\u0435\", \"\\u041a\\u0440\\u0430\\u0442\\u043a\\u043e\\u0435 \\u043d\\u0430\\u0438\\u043c\\u0435\\u043d\\u043e\\u0432\\u0430\\u043d\\u0438\\u0435\", \"\\u0418\\u0434\\u0435\\u043d\\u0442\\u0438\\u0444\\u0438\\u043a\\u0430\\u0442\\u043e\\u0440\"]}}]"
  }
},
{
  "model": "admin.logentry",
  "pk": 3,
  "fields": {
    "action_time": "2026-07-14T14:58:36.483Z",
    "user": [
      "lz42"
    ],
    "content_type": [
      "structure",
      "faculty"
    ],
    "object_id": "1",
    "object_repr": "ФИЯ",
    "action_flag": 2,
    "change_message": "[{\"changed\": {\"fields\": [\"\\u041f\\u043e\\u043b\\u043d\\u043e\\u0435 \\u043d\\u0430\\u0438\\u043c\\u0435\\u043d\\u043e\\u0432\\u0430\\u043d\\u0438\\u0435\", \"\\u041a\\u0440\\u0430\\u0442\\u043a\\u043e\\u0435 \\u043d\\u0430\\u0438\\u043c\\u0435\\u043d\\u043e\\u0432\\u0430\\u043d\\u0438\\u0435\", \"\\u0418\\u0434\\u0435\\u043d\\u0442\\u0438\\u0444\\u0438\\u043a\\u0430\\u0442\\u043e\\u0440\"]}}]"
  }
},
{
  "model": "admin.logentry",
  "pk": 4,
  "fields": {
    "action_time": "2026-07-14T14:58:59.749Z",
    "user": [
      "lz42"
    ],
    "content_type": [
      "structure",
      "faculty"
    ],
    "object_id": "6",
    "object_repr": "ФФВ",
    "action_flag": 2,
    "change_message": "[{\"changed\": {\"fields\": [\"\\u041f\\u043e\\u043b\\u043d\\u043e\\u0435 \\u043d\\u0430\\u0438\\u043c\\u0435\\u043d\\u043e\\u0432\\u0430\\u043d\\u0438\\u0435\", \"\\u041a\\u0440\\u0430\\u0442\\u043a\\u043e\\u0435 \\u043d\\u0430\\u0438\\u043c\\u0435\\u043d\\u043e\\u0432\\u0430\\u043d\\u0438\\u0435\", \"\\u0418\\u0434\\u0435\\u043d\\u0442\\u0438\\u0444\\u0438\\u043a\\u0430\\u0442\\u043e\\u0440\"]}}]"
  }
},
{
  "model": "admin.logentry",
  "pk": 5,
  "fields": {
    "action_time": "2026-07-14T14:59:26.130Z",
    "user": [
      "lz42"
    ],
    "content_type": [
      "structure",
      "faculty"
    ],
    "object_id": "2",
    "object_repr": "ФЭП",
    "action_flag": 2,
    "change_message": "[{\"changed\": {\"fields\": [\"\\u041f\\u043e\\u043b\\u043d\\u043e\\u0435 \\u043d\\u0430\\u0438\\u043c\\u0435\\u043d\\u043e\\u0432\\u0430\\u043d\\u0438\\u0435\", \"\\u041a\\u0440\\u0430\\u0442\\u043a\\u043e\\u0435 \\u043d\\u0430\\u0438\\u043c\\u0435\\u043d\\u043e\\u0432\\u0430\\u043d\\u0438\\u0435\", \"\\u0418\\u0434\\u0435\\u043d\\u0442\\u0438\\u0444\\u0438\\u043a\\u0430\\u0442\\u043e\\u0440\"]}}]"
  }
},
{
  "model": "admin.logentry",
  "pk": 6,
  "fields": {
    "action_time": "2026-07-14T14:59:59.827Z",
    "user": [
      "lz42"
    ],
    "content_type": [
      "structure",
      "faculty"
    ],
    "object_id": "4",
    "object_repr": "ФППД",
    "action_flag": 2,
    "change_message": "[{\"changed\": {\"fields\": [\"\\u041f\\u043e\\u043b\\u043d\\u043e\\u0435 \\u043d\\u0430\\u0438\\u043c\\u0435\\u043d\\u043e\\u0432\\u0430\\u043d\\u0438\\u0435\", \"\\u041a\\u0440\\u0430\\u0442\\u043a\\u043e\\u0435 \\u043d\\u0430\\u0438\\u043c\\u0435\\u043d\\u043e\\u0432\\u0430\\u043d\\u0438\\u0435\", \"\\u0418\\u0434\\u0435\\u043d\\u0442\\u0438\\u0444\\u0438\\u043a\\u0430\\u0442\\u043e\\u0440\"]}}]"
  }
},
{
  "model": "admin.logentry",
  "pk": 7,
  "fields": {
    "action_time": "2026-07-14T15:00:24.939Z",
    "user": [
      "lz42"
    ],
    "content_type": [
      "structure",
      "faculty"
    ],
    "object_id": "5",
    "object_repr": "ФНМО",
    "action_flag": 2,
    "change_message": "[{\"changed\": {\"fields\": [\"\\u041f\\u043e\\u043b\\u043d\\u043e\\u0435 \\u043d\\u0430\\u0438\\u043c\\u0435\\u043d\\u043e\\u0432\\u0430\\u043d\\u0438\\u0435\", \"\\u041a\\u0440\\u0430\\u0442\\u043a\\u043e\\u0435 \\u043d\\u0430\\u0438\\u043c\\u0435\\u043d\\u043e\\u0432\\u0430\\u043d\\u0438\\u0435\", \"\\u0418\\u0434\\u0435\\u043d\\u0442\\u0438\\u0444\\u0438\\u043a\\u0430\\u0442\\u043e\\u0440\"]}}]"
  }
},
{
  "model": "admin.logentry",
  "pk": 8,
  "fields": {
    "action_time": "2026-07-14T15:03:19.205Z",
    "user": [
      "lz42"
    ],
    "content_type": [
      "auth",
      "user"
    ],
    "object_id": "1",
    "object_repr": "lz42",
    "action_flag": 2,
    "change_message": "[{\"changed\": {\"fields\": [\"First name\", \"Last name\", \"Email address\"]}}]"
  }
},
{
  "model": "admin.logentry",
  "pk": 9,
  "fields": {
    "action_time": "2026-07-15T06:34:45.151Z",
    "user": [
      "lz42"
    ],
    "content_type": [
      "students",
      "student"
    ],
    "object_id": "1",
    "object_repr": "Студентов Студент Студентович",
    "action_flag": 1,
    "change_message": "[{\"added\": {}}]"
  }
},
{
  "model": "admin.logentry",
  "pk": 10,
  "fields": {
    "action_time": "2026-07-15T07:04:12.432Z",
    "user": [
      "lz42"
    ],
    "content_type": [
      "structure",
      "department"
    ],
    "object_id": "1",
    "object_repr": "Кафедра романо-германской филологии",
    "action_flag": 1,
    "change_message": "[{\"added\": {}}]"
  }
},
{
  "model": "admin.logentry",
  "pk": 11,
  "fields": {
    "action_time": "2026-07-15T07:04:54.239Z",
    "user": [
      "lz42"
    ],
    "content_type": [
      "structure",
      "department"
    ],
    "object_id": "2",
    "object_repr": "Кафедра теоретической и прикладной лингвистики",
    "action_flag": 1,
    "change_message": "[{\"added\": {}}]"
  }
},
{
  "model": "admin.logentry",
  "pk": 12,
  "fields": {
    "action_time": "2026-07-15T07:05:20.776Z",
    "user": [
      "lz42"
    ],
    "content_type": [
      "structure",
      "department"
    ],
    "object_id": "3",
    "object_repr": "Кафедра истории и философии",
    "action_flag": 1,
    "change_message": "[{\"added\": {}}]"
  }
},
{
  "model": "admin.logentry",
  "pk": 13,
  "fields": {
    "action_time": "2026-07-15T07:05:51.424Z",
    "user": [
      "lz42"
    ],
    "content_type": [
      "structure",
      "department"
    ],
    "object_id": "4",
    "object_repr": "Кафедра археологии, истории Беларуси и специальных исторических дисциплин",
    "action_flag": 1,
    "change_message": "[{\"added\": {}}]"
  }
},
{
  "model": "admin.logentry",
  "pk": 14,
  "fields": {
    "action_time": "2026-07-15T07:06:06.694Z",
    "user": [
      "lz42"
    ],
    "content_type": [
      "structure",
      "department"
    ],
    "object_id": "5",
    "object_repr": "Кафедра славянской филологии",
    "action_flag": 1,
    "change_message": "[{\"added\": {}}]"
  }
},
{
  "model": "admin.logentry",
  "pk": 15,
  "fields": {
    "action_time": "2026-07-15T07:06:29.505Z",
    "user": [
      "lz42"
    ],
    "content_type": [
      "structure",
      "department"
    ],
    "object_id": "6",
    "object_repr": "Кафедра естествознания",
    "action_flag": 1,
    "change_message": "[{\"added\": {}}]"
  }
},
{
  "model": "admin.logentry",
  "pk": 16,
  "fields": {
    "action_time": "2026-07-15T07:06:40.773Z",
    "user": [
      "lz42"
    ],
    "content_type": [
      "structure",
      "department"
    ],
    "object_id": "7",
    "object_repr": "Кафедра математики",
    "action_flag": 1,
    "change_message": "[{\"added\": {}}]"
  }
},
{
  "model": "admin.logentry",
  "pk": 17,
  "fields": {
    "action_time": "2026-07-15T07:06:54.082Z",
    "user": [
      "lz42"
    ],
    "content_type": [
      "structure",
      "department"
    ],
    "object_id": "8",
    "object_repr": "Кафедра программного обеспечения информационных технологий",
    "action_flag": 1,
    "change_message": "[{\"added\": {}}]"
  }
},
{
  "model": "admin.logentry",
  "pk": 18,
  "fields": {
    "action_time": "2026-07-15T07:07:13.467Z",
    "user": [
      "lz42"
    ],
    "content_type": [
      "structure",
      "department"
    ],
    "object_id": "9",
    "object_repr": "Кафедра физики и компьютерных технологий",
    "action_flag": 1,
    "change_message": "[{\"added\": {}}]"
  }
},
{
  "model": "admin.logentry",
  "pk": 19,
  "fields": {
    "action_time": "2026-07-15T07:07:39.341Z",
    "user": [
      "lz42"
    ],
    "content_type": [
      "structure",
      "department"
    ],
    "object_id": "10",
    "object_repr": "Кафедра теории и методики начального образования",
    "action_flag": 1,
    "change_message": "[{\"added\": {}}]"
  }
},
{
  "model": "admin.logentry",
  "pk": 20,
  "fields": {
    "action_time": "2026-07-15T07:08:02.710Z",
    "user": [
      "lz42"
    ],
    "content_type": [
      "structure",
      "department"
    ],
    "object_id": "11",
    "object_repr": "Кафедра музыки и эстетического образования",
    "action_flag": 1,
    "change_message": "[{\"added\": {}}]"
  }
},
{
  "model": "admin.logentry",
  "pk": 21,
  "fields": {
    "action_time": "2026-07-15T07:08:26.459Z",
    "user": [
      "lz42"
    ],
    "content_type": [
      "structure",
      "department"
    ],
    "object_id": "12",
    "object_repr": "Кафедра педагогики",
    "action_flag": 1,
    "change_message": "[{\"added\": {}}]"
  }
},
{
  "model": "admin.logentry",
  "pk": 22,
  "fields": {
    "action_time": "2026-07-15T07:08:48.505Z",
    "user": [
      "lz42"
    ],
    "content_type": [
      "structure",
      "department"
    ],
    "object_id": "13",
    "object_repr": "Кафедра педагогики детства и семьи",
    "action_flag": 1,
    "change_message": "[{\"added\": {}}]"
  }
},
{
  "model": "admin.logentry",
  "pk": 23,
  "fields": {
    "action_time": "2026-07-15T07:09:07.948Z",
    "user": [
      "lz42"
    ],
    "content_type": [
      "structure",
      "department"
    ],
    "object_id": "14",
    "object_repr": "Кафедра психологии и коррекционной работы",
    "action_flag": 1,
    "change_message": "[{\"added\": {}}]"
  }
},
{
  "model": "admin.logentry",
  "pk": 24,
  "fields": {
    "action_time": "2026-07-15T07:09:35.208Z",
    "user": [
      "lz42"
    ],
    "content_type": [
      "structure",
      "department"
    ],
    "object_id": "15",
    "object_repr": "Кафедра спортивных и медико-биологических дисциплин",
    "action_flag": 1,
    "change_message": "[{\"added\": {}}]"
  }
},
{
  "model": "admin.logentry",
  "pk": 25,
  "fields": {
    "action_time": "2026-07-15T07:09:55.878Z",
    "user": [
      "lz42"
    ],
    "content_type": [
      "structure",
      "department"
    ],
    "object_id": "16",
    "object_repr": "Кафедра теории и методики физического воспитания",
    "action_flag": 1,
    "change_message": "[{\"added\": {}}]"
  }
},
{
  "model": "admin.logentry",
  "pk": 26,
  "fields": {
    "action_time": "2026-07-15T07:10:30.873Z",
    "user": [
      "lz42"
    ],
    "content_type": [
      "structure",
      "department"
    ],
    "object_id": "17",
    "object_repr": "Кафедра физического воспитания и спорта",
    "action_flag": 1,
    "change_message": "[{\"added\": {}}]"
  }
},
{
  "model": "admin.logentry",
  "pk": 27,
  "fields": {
    "action_time": "2026-07-15T07:11:06.457Z",
    "user": [
      "lz42"
    ],
    "content_type": [
      "structure",
      "department"
    ],
    "object_id": "18",
    "object_repr": "Кафедра теории права и социально-политических дисциплин",
    "action_flag": 1,
    "change_message": "[{\"added\": {}}]"
  }
},
{
  "model": "admin.logentry",
  "pk": 28,
  "fields": {
    "action_time": "2026-07-15T07:11:32.248Z",
    "user": [
      "lz42"
    ],
    "content_type": [
      "structure",
      "department"
    ],
    "object_id": "19",
    "object_repr": "Кафедра экономики и управления",
    "action_flag": 1,
    "change_message": "[{\"added\": {}}]"
  }
},
{
  "model": "admin.logentry",
  "pk": 29,
  "fields": {
    "action_time": "2026-07-15T07:11:53.422Z",
    "user": [
      "lz42"
    ],
    "content_type": [
      "structure",
      "department"
    ],
    "object_id": "20",
    "object_repr": "Кафедра юриспруденции",
    "action_flag": 1,
    "change_message": "[{\"added\": {}}]"
  }
},
{
  "model": "admin.logentry",
  "pk": 30,
  "fields": {
    "action_time": "2026-07-15T07:24:50.672Z",
    "user": [
      "lz42"
    ],
    "content_type": [
      "auth",
      "group"
    ],
    "object_id": "1",
    "object_repr": "Прподаватели",
    "action_flag": 1,
    "change_message": "[{\"added\": {}}]"
  }
},
{
  "model": "admin.logentry",
  "pk": 31,
  "fields": {
    "action_time": "2026-07-15T07:24:57.550Z",
    "user": [
      "lz42"
    ],
    "content_type": [
      "auth",
      "group"
    ],
    "object_id": "1",
    "object_repr": "Преподаватели",
    "action_flag": 2,
    "change_message": "[{\"changed\": {\"fields\": [\"Name\"]}}]"
  }
},
{
  "model": "admin.logentry",
  "pk": 32,
  "fields": {
    "action_time": "2026-07-15T07:25:05.091Z",
    "user": [
      "lz42"
    ],
    "content_type": [
      "auth",
      "group"
    ],
    "object_id": "2",
    "object_repr": "Деканы",
    "action_flag": 1,
    "change_message": "[{\"added\": {}}]"
  }
},
{
  "model": "admin.logentry",
  "pk": 33,
  "fields": {
    "action_time": "2026-07-15T07:25:14.118Z",
    "user": [
      "lz42"
    ],
    "content_type": [
      "auth",
      "group"
    ],
    "object_id": "3",
    "object_repr": "Зав. кафедрой",
    "action_flag": 1,
    "change_message": "[{\"added\": {}}]"
  }
},
{
  "model": "admin.logentry",
  "pk": 34,
  "fields": {
    "action_time": "2026-07-15T07:25:21.813Z",
    "user": [
      "lz42"
    ],
    "content_type": [
      "auth",
      "group"
    ],
    "object_id": "4",
    "object_repr": "Ректорат",
    "action_flag": 1,
    "change_message": "[{\"added\": {}}]"
  }
},
{
  "model": "admin.logentry",
  "pk": 35,
  "fields": {
    "action_time": "2026-07-15T07:25:27.317Z",
    "user": [
      "lz42"
    ],
    "content_type": [
      "auth",
      "group"
    ],
    "object_id": "5",
    "object_repr": "УМО",
    "action_flag": 1,
    "change_message": "[{\"added\": {}}]"
  }
},
{
  "model": "admin.logentry",
  "pk": 36,
  "fields": {
    "action_time": "2026-07-15T07:25:47.540Z",
    "user": [
      "lz42"
    ],
    "content_type": [
      "auth",
      "user"
    ],
    "object_id": "1",
    "object_repr": "lz42",
    "action_flag": 2,
    "change_message": "[{\"changed\": {\"fields\": [\"Groups\"]}}]"
  }
},
{
  "model": "admin.logentry",
  "pk": 37,
  "fields": {
    "action_time": "2026-07-15T08:03:30.005Z",
    "user": [
      "lz42"
    ],
    "content_type": [
      "subject",
      "subject"
    ],
    "object_id": "1",
    "object_repr": "СП",
    "action_flag": 1,
    "change_message": "[{\"added\": {}}]"
  }
},
{
  "model": "admin.logentry",
  "pk": 38,
  "fields": {
    "action_time": "2026-07-15T08:06:18.829Z",
    "user": [
      "lz42"
    ],
    "content_type": [
      "course",
      "course"
    ],
    "object_id": "1",
    "object_repr": "СП 2026",
    "action_flag": 1,
    "change_message": "[{\"added\": {}}]"
  }
},
{
  "model": "admin.logentry",
  "pk": 39,
  "fields": {
    "action_time": "2026-07-15T08:15:17.833Z",
    "user": [
      "lz42"
    ],
    "content_type": [
      "course",
      "course"
    ],
    "object_id": "1",
    "object_repr": "СП 2026",
    "action_flag": 2,
    "change_message": "[{\"added\": {\"name\": \"\\u041f\\u0440\\u0430\\u0432\\u0430 \\u0433\\u0440\\u0443\\u043f\\u043f\\u044b \\u043d\\u0430 \\u043a\\u0443\\u0440\\u0441\", \"object\": \"\\u0423\\u041c\\u041e \\u2014 \\u0421\\u041f 2026 (\\u0422\\u043e\\u043b\\u044c\\u043a\\u043e \\u043f\\u0440\\u043e\\u0441\\u043c\\u043e\\u0442\\u0440)\"}}]"
  }
},
{
  "model": "admin.logentry",
  "pk": 40,
  "fields": {
    "action_time": "2026-07-15T09:23:49.213Z",
    "user": [
      "lz42"
    ],
    "content_type": [
      "auth",
      "user"
    ],
    "object_id": "2",
    "object_repr": "snv123",
    "action_flag": 1,
    "change_message": "[{\"added\": {}}]"
  }
},
{
  "model": "admin.logentry",
  "pk": 41,
  "fields": {
    "action_time": "2026-07-15T09:24:28.328Z",
    "user": [
      "lz42"
    ],
    "content_type": [
      "auth",
      "user"
    ],
    "object_id": "2",
    "object_repr": "snv123",
    "action_flag": 2,
    "change_message": "[{\"changed\": {\"fields\": [\"First name\", \"Last name\", \"Groups\"]}}]"
  }
},
{
  "model": "admin.logentry",
  "pk": 42,
  "fields": {
    "action_time": "2026-07-15T09:27:47.112Z",
    "user": [
      "lz42"
    ],
    "content_type": [
      "structure",
      "university"
    ],
    "object_id": "1",
    "object_repr": "Могилевский государственный университет имени А.А. Кулешова",
    "action_flag": 2,
    "change_message": "[{\"changed\": {\"fields\": [\"\\u041f\\u043e\\u043b\\u043d\\u043e\\u0435 \\u043d\\u0430\\u0438\\u043c\\u0435\\u043d\\u043e\\u0432\\u0430\\u043d\\u0438\\u0435\"]}}]"
  }
},
{
  "model": "admin.logentry",
  "pk": 43,
  "fields": {
    "action_time": "2026-07-15T09:28:24.657Z",
    "user": [
      "lz42"
    ],
    "content_type": [
      "auth",
      "user"
    ],
    "object_id": "2",
    "object_repr": "snv123",
    "action_flag": 2,
    "change_message": "[{\"changed\": {\"fields\": [\"Groups\"]}}]"
  }
},
{
  "model": "admin.logentry",
  "pk": 44,
  "fields": {
    "action_time": "2026-07-15T09:44:03.694Z",
    "user": [
      "lz42"
    ],
    "content_type": [
      "structure",
      "faculty"
    ],
    "object_id": "3",
    "object_repr": "Факультет математики и естествознания",
    "action_flag": 2,
    "change_message": "[{\"changed\": {\"fields\": [\"\\u0414\\u0435\\u043a\\u0430\\u043d\"]}}]"
  }
},
{
  "model": "admin.logentry",
  "pk": 45,
  "fields": {
    "action_time": "2026-07-15T09:45:38.031Z",
    "user": [
      "lz42"
    ],
    "content_type": [
      "auth",
      "user"
    ],
    "object_id": "3",
    "object_repr": "aiv439",
    "action_flag": 1,
    "change_message": "[{\"added\": {}}]"
  }
},
{
  "model": "admin.logentry",
  "pk": 46,
  "fields": {
    "action_time": "2026-07-15T09:47:25.242Z",
    "user": [
      "lz42"
    ],
    "content_type": [
      "auth",
      "user"
    ],
    "object_id": "3",
    "object_repr": "aiv439",
    "action_flag": 2,
    "change_message": "[{\"changed\": {\"fields\": [\"First name\", \"Last name\"]}}]"
  }
},
{
  "model": "admin.logentry",
  "pk": 47,
  "fields": {
    "action_time": "2026-07-15T09:47:43.602Z",
    "user": [
      "lz42"
    ],
    "content_type": [
      "auth",
      "user"
    ],
    "object_id": "2",
    "object_repr": "snv123",
    "action_flag": 2,
    "change_message": "[{\"changed\": {\"fields\": [\"First name\", \"Last name\"]}}]"
  }
},
{
  "model": "admin.logentry",
  "pk": 48,
  "fields": {
    "action_time": "2026-07-15T09:49:08.484Z",
    "user": [
      "lz42"
    ],
    "content_type": [
      "auth",
      "user"
    ],
    "object_id": "2",
    "object_repr": "snv123",
    "action_flag": 2,
    "change_message": "[{\"changed\": {\"fields\": [\"Groups\"]}}]"
  }
},
{
  "model": "admin.logentry",
  "pk": 49,
  "fields": {
    "action_time": "2026-07-15T09:49:17.706Z",
    "user": [
      "lz42"
    ],
    "content_type": [
      "auth",
      "user"
    ],
    "object_id": "3",
    "object_repr": "aiv439",
    "action_flag": 2,
    "change_message": "[{\"changed\": {\"fields\": [\"Groups\"]}}]"
  }
},
{
  "model": "admin.logentry",
  "pk": 50,
  "fields": {
    "action_time": "2026-07-15T09:49:52.949Z",
    "user": [
      "lz42"
    ],
    "content_type": [
      "structure",
      "faculty"
    ],
    "object_id": "3",
    "object_repr": "Факультет математики и естествознания",
    "action_flag": 2,
    "change_message": "[{\"changed\": {\"name\": \"\\u041a\\u0430\\u0444\\u0435\\u0434\\u0440\\u0430\", \"object\": \"\\u041a\\u0430\\u0444\\u0435\\u0434\\u0440\\u0430 \\u043f\\u0440\\u043e\\u0433\\u0440\\u0430\\u043c\\u043c\\u043d\\u043e\\u0433\\u043e \\u043e\\u0431\\u0435\\u0441\\u043f\\u0435\\u0447\\u0435\\u043d\\u0438\\u044f \\u0438\\u043d\\u0444\\u043e\\u0440\\u043c\\u0430\\u0446\\u0438\\u043e\\u043d\\u043d\\u044b\\u0445 \\u0442\\u0435\\u0445\\u043d\\u043e\\u043b\\u043e\\u0433\\u0438\\u0439\", \"fields\": [\"\\u0417\\u0430\\u0432\\u0435\\u0434\\u0443\\u044e\\u0449\\u0438\\u0439 \\u043a\\u0430\\u0444\\u0435\\u0434\\u0440\\u043e\\u0439\"]}}]"
  }
},
{
  "model": "admin.logentry",
  "pk": 51,
  "fields": {
    "action_time": "2026-07-15T09:50:13.977Z",
    "user": [
      "lz42"
    ],
    "content_type": [
      "structure",
      "faculty"
    ],
    "object_id": "3",
    "object_repr": "Факультет математики и естествознания",
    "action_flag": 2,
    "change_message": "[{\"changed\": {\"name\": \"\\u041a\\u0430\\u0444\\u0435\\u0434\\u0440\\u0430\", \"object\": \"\\u041a\\u0430\\u0444\\u0435\\u0434\\u0440\\u0430 \\u043f\\u0440\\u043e\\u0433\\u0440\\u0430\\u043c\\u043c\\u043d\\u043e\\u0433\\u043e \\u043e\\u0431\\u0435\\u0441\\u043f\\u0435\\u0447\\u0435\\u043d\\u0438\\u044f \\u0438\\u043d\\u0444\\u043e\\u0440\\u043c\\u0430\\u0446\\u0438\\u043e\\u043d\\u043d\\u044b\\u0445 \\u0442\\u0435\\u0445\\u043d\\u043e\\u043b\\u043e\\u0433\\u0438\\u0439\", \"fields\": [\"\\u0417\\u0430\\u0432\\u0435\\u0434\\u0443\\u044e\\u0449\\u0438\\u0439 \\u043a\\u0430\\u0444\\u0435\\u0434\\u0440\\u043e\\u0439\"]}}]"
  }
},
{
  "model": "admin.logentry",
  "pk": 52,
  "fields": {
    "action_time": "2026-07-15T09:52:09.299Z",
    "user": [
      "lz42"
    ],
    "content_type": [
      "structure",
      "faculty"
    ],
    "object_id": "3",
    "object_repr": "Факультет математики и естествознания",
    "action_flag": 2,
    "change_message": "[{\"changed\": {\"name\": \"\\u041a\\u0430\\u0444\\u0435\\u0434\\u0440\\u0430\", \"object\": \"\\u041a\\u0430\\u0444\\u0435\\u0434\\u0440\\u0430 \\u043f\\u0440\\u043e\\u0433\\u0440\\u0430\\u043c\\u043c\\u043d\\u043e\\u0433\\u043e \\u043e\\u0431\\u0435\\u0441\\u043f\\u0435\\u0447\\u0435\\u043d\\u0438\\u044f \\u0438\\u043d\\u0444\\u043e\\u0440\\u043c\\u0430\\u0446\\u0438\\u043e\\u043d\\u043d\\u044b\\u0445 \\u0442\\u0435\\u0445\\u043d\\u043e\\u043b\\u043e\\u0433\\u0438\\u0439\", \"fields\": [\"\\u0417\\u0430\\u0432\\u0435\\u0434\\u0443\\u044e\\u0449\\u0438\\u0439 \\u043a\\u0430\\u0444\\u0435\\u0434\\u0440\\u043e\\u0439\"]}}]"
  }
},
{
  "model": "admin.logentry",
  "pk": 53,
  "fields": {
    "action_time": "2026-07-15T09:52:28.822Z",
    "user": [
      "lz42"
    ],
    "content_type": [
      "auth",
      "group"
    ],
    "object_id": "3",
    "object_repr": "Зав. кафедрой",
    "action_flag": 3,
    "change_message": ""
  }
},
{
  "model": "admin.logentry",
  "pk": 54,
  "fields": {
    "action_time": "2026-07-15T11:10:13.372Z",
    "user": [
      "lz42"
    ],
    "content_type": [
      "students",
      "studentgroup"
    ],
    "object_id": "1",
    "object_repr": "5142251",
    "action_flag": 1,
    "change_message": "[{\"added\": {}}]"
  }
},
{
  "model": "admin.logentry",
  "pk": 55,
  "fields": {
    "action_time": "2026-07-15T11:16:12.178Z",
    "user": [
      "lz42"
    ],
    "content_type": [
      "umo",
      "shifr"
    ],
    "object_id": "1",
    "object_repr": "6-05-0612-01",
    "action_flag": 1,
    "change_message": "[{\"added\": {}}]"
  }
},
{
  "model": "admin.logentry",
  "pk": 56,
  "fields": {
    "action_time": "2026-07-15T11:19:22.007Z",
    "user": [
      "lz42"
    ],
    "content_type": [
      "students",
      "studentgroup"
    ],
    "object_id": "1",
    "object_repr": "5142251",
    "action_flag": 2,
    "change_message": "[{\"changed\": {\"fields\": [\"\\u0428\\u0438\\u0444\\u0440\"]}}]"
  }
},
{
  "model": "admin.logentry",
  "pk": 57,
  "fields": {
    "action_time": "2026-07-15T11:20:49.562Z",
    "user": [
      "lz42"
    ],
    "content_type": [
      "students",
      "student"
    ],
    "object_id": "2",
    "object_repr": "АНТОШКИН ЕГОР ВИКТОРОВИЧ",
    "action_flag": 1,
    "change_message": "[{\"added\": {}}]"
  }
},
{
  "model": "admin.logentry",
  "pk": 58,
  "fields": {
    "action_time": "2026-07-15T11:21:28.068Z",
    "user": [
      "lz42"
    ],
    "content_type": [
      "students",
      "student"
    ],
    "object_id": "3",
    "object_repr": "ГАРБОВИЧ ЕГОР АЛЕКСАНДРОВИЧ",
    "action_flag": 1,
    "change_message": "[{\"added\": {}}]"
  }
},
{
  "model": "admin.logentry",
  "pk": 59,
  "fields": {
    "action_time": "2026-07-15T11:21:36.836Z",
    "user": [
      "lz42"
    ],
    "content_type": [
      "students",
      "student"
    ],
    "object_id": "2",
    "object_repr": "АНТОШКИН ЕГОР ВИКТОРОВИЧ",
    "action_flag": 2,
    "change_message": "[{\"changed\": {\"fields\": [\"\\u041b\\u043e\\u0433\\u0438\\u043d\", \"\\u041f\\u0430\\u0440\\u043e\\u043b\\u044c\"]}}]"
  }
},
{
  "model": "admin.logentry",
  "pk": 60,
  "fields": {
    "action_time": "2026-07-15T11:22:00.058Z",
    "user": [
      "lz42"
    ],
    "content_type": [
      "students",
      "student"
    ],
    "object_id": "4",
    "object_repr": "ГРИБАНОВ ИЛЬЯ ВЛАДИМИРОВИЧ",
    "action_flag": 1,
    "change_message": "[{\"added\": {}}]"
  }
},
{
  "model": "admin.logentry",
  "pk": 61,
  "fields": {
    "action_time": "2026-07-15T11:22:15.289Z",
    "user": [
      "lz42"
    ],
    "content_type": [
      "students",
      "student"
    ],
    "object_id": "5",
    "object_repr": "ИСКРИЦКИЙ ВЛАДИСЛАВ МИХАЙЛОВИЧ",
    "action_flag": 1,
    "change_message": "[{\"added\": {}}]"
  }
},
{
  "model": "admin.logentry",
  "pk": 62,
  "fields": {
    "action_time": "2026-07-15T11:22:47.481Z",
    "user": [
      "lz42"
    ],
    "content_type": [
      "students",
      "student"
    ],
    "object_id": "1",
    "object_repr": "Студентов Студент Студентович",
    "action_flag": 3,
    "change_message": ""
  }
},
{
  "model": "admin.logentry",
  "pk": 63,
  "fields": {
    "action_time": "2026-07-15T11:23:12.469Z",
    "user": [
      "lz42"
    ],
    "content_type": [
      "students",
      "student"
    ],
    "object_id": "6",
    "object_repr": "КОРЯКОВ ГЛЕБ ДМИТРИЕВИЧ",
    "action_flag": 1,
    "change_message": "[{\"added\": {}}]"
  }
},
{
  "model": "admin.logentry",
  "pk": 64,
  "fields": {
    "action_time": "2026-07-15T11:23:25.012Z",
    "user": [
      "lz42"
    ],
    "content_type": [
      "students",
      "student"
    ],
    "object_id": "7",
    "object_repr": "КОЦУР ТИМУР ЕВГЕНЬЕВИЧ",
    "action_flag": 1,
    "change_message": "[{\"added\": {}}]"
  }
},
{
  "model": "admin.logentry",
  "pk": 65,
  "fields": {
    "action_time": "2026-07-15T11:23:38.334Z",
    "user": [
      "lz42"
    ],
    "content_type": [
      "students",
      "student"
    ],
    "object_id": "8",
    "object_repr": "КУСЕНКОВА КИРА ИГОРЕВНА",
    "action_flag": 1,
    "change_message": "[{\"added\": {}}]"
  }
},
{
  "model": "admin.logentry",
  "pk": 66,
  "fields": {
    "action_time": "2026-07-15T11:24:44.174Z",
    "user": [
      "lz42"
    ],
    "content_type": [
      "students",
      "student"
    ],
    "object_id": "9",
    "object_repr": "ЛОВЧИЙ ВЛАДИСЛАВ ВИТАЛЬЕВИЧ",
    "action_flag": 1,
    "change_message": "[{\"added\": {}}]"
  }
},
{
  "model": "admin.logentry",
  "pk": 67,
  "fields": {
    "action_time": "2026-07-15T11:24:55.045Z",
    "user": [
      "lz42"
    ],
    "content_type": [
      "students",
      "student"
    ],
    "object_id": "10",
    "object_repr": "МОХОВЦОВ ВАДИМ НИКОЛАЕВИЧ",
    "action_flag": 1,
    "change_message": "[{\"added\": {}}]"
  }
},
{
  "model": "admin.logentry",
  "pk": 68,
  "fields": {
    "action_time": "2026-07-15T11:25:10.393Z",
    "user": [
      "lz42"
    ],
    "content_type": [
      "students",
      "student"
    ],
    "object_id": "11",
    "object_repr": "ПАРХОМЧУК АЛЕКСАНДРА НИКОЛАЕВНА",
    "action_flag": 1,
    "change_message": "[{\"added\": {}}]"
  }
},
{
  "model": "admin.logentry",
  "pk": 69,
  "fields": {
    "action_time": "2026-07-15T11:25:25.493Z",
    "user": [
      "lz42"
    ],
    "content_type": [
      "students",
      "student"
    ],
    "object_id": "12",
    "object_repr": "ПАШКОВСКИЙ ИЛЬЯ НИКОЛАЕВИЧ",
    "action_flag": 1,
    "change_message": "[{\"added\": {}}]"
  }
},
{
  "model": "admin.logentry",
  "pk": 70,
  "fields": {
    "action_time": "2026-07-15T11:25:49.161Z",
    "user": [
      "lz42"
    ],
    "content_type": [
      "students",
      "student"
    ],
    "object_id": "13",
    "object_repr": "РАЧКОВ НИКИТА ЮРЬЕВИЧ",
    "action_flag": 1,
    "change_message": "[{\"added\": {}}]"
  }
},
{
  "model": "admin.logentry",
  "pk": 71,
  "fields": {
    "action_time": "2026-07-15T11:26:02.399Z",
    "user": [
      "lz42"
    ],
    "content_type": [
      "students",
      "student"
    ],
    "object_id": "14",
    "object_repr": "РУАДЗЕ ИРИНА ГЕОРГИЕВНА",
    "action_flag": 1,
    "change_message": "[{\"added\": {}}]"
  }
},
{
  "model": "admin.logentry",
  "pk": 72,
  "fields": {
    "action_time": "2026-07-15T11:26:17.638Z",
    "user": [
      "lz42"
    ],
    "content_type": [
      "students",
      "student"
    ],
    "object_id": "15",
    "object_repr": "САВИЦКАЯ ЕЛИЗАВЕТА СЕРГЕЕВНА",
    "action_flag": 1,
    "change_message": "[{\"added\": {}}]"
  }
},
{
  "model": "admin.logentry",
  "pk": 73,
  "fields": {
    "action_time": "2026-07-15T11:27:03.459Z",
    "user": [
      "lz42"
    ],
    "content_type": [
      "students",
      "studentgroup"
    ],
    "object_id": "1",
    "object_repr": "5142251",
    "action_flag": 2,
    "change_message": "[{\"added\": {\"name\": \"\\u0421\\u0442\\u0443\\u0434\\u0435\\u043d\\u0442\", \"object\": \"\\u0422\\u041e\\u041b\\u0421\\u0422\\u0418\\u041a\\u041e\\u0412 \\u0414\\u041c\\u0418\\u0422\\u0420\\u0418\\u0419 \\u0412\\u0410\\u0414\\u0418\\u041c\\u041e\\u0412\\u0418\\u0427\"}}, {\"changed\": {\"name\": \"\\u0421\\u0442\\u0443\\u0434\\u0435\\u043d\\u0442\", \"object\": \"\\u0413\\u0410\\u0420\\u0411\\u041e\\u0412\\u0418\\u0427 \\u0415\\u0413\\u041e\\u0420 \\u0410\\u041b\\u0415\\u041a\\u0421\\u0410\\u041d\\u0414\\u0420\\u041e\\u0412\\u0418\\u0427\", \"fields\": [\"\\u041f\\u0430\\u0440\\u043e\\u043b\\u044c\"]}}, {\"changed\": {\"name\": \"\\u0421\\u0442\\u0443\\u0434\\u0435\\u043d\\u0442\", \"object\": \"\\u0413\\u0420\\u0418\\u0411\\u0410\\u041d\\u041e\\u0412 \\u0418\\u041b\\u042c\\u042f \\u0412\\u041b\\u0410\\u0414\\u0418\\u041c\\u0418\\u0420\\u041e\\u0412\\u0418\\u0427\", \"fields\": [\"\\u041f\\u0430\\u0440\\u043e\\u043b\\u044c\"]}}, {\"changed\": {\"name\": \"\\u0421\\u0442\\u0443\\u0434\\u0435\\u043d\\u0442\", \"object\": \"\\u0418\\u0421\\u041a\\u0420\\u0418\\u0426\\u041a\\u0418\\u0419 \\u0412\\u041b\\u0410\\u0414\\u0418\\u0421\\u041b\\u0410\\u0412 \\u041c\\u0418\\u0425\\u0410\\u0419\\u041b\\u041e\\u0412\\u0418\\u0427\", \"fields\": [\"\\u041f\\u0430\\u0440\\u043e\\u043b\\u044c\"]}}, {\"changed\": {\"name\": \"\\u0421\\u0442\\u0443\\u0434\\u0435\\u043d\\u0442\", \"object\": \"\\u041a\\u041e\\u0420\\u042f\\u041a\\u041e\\u0412 \\u0413\\u041b\\u0415\\u0411 \\u0414\\u041c\\u0418\\u0422\\u0420\\u0418\\u0415\\u0412\\u0418\\u0427\", \"fields\": [\"\\u041f\\u0430\\u0440\\u043e\\u043b\\u044c\"]}}, {\"changed\": {\"name\": \"\\u0421\\u0442\\u0443\\u0434\\u0435\\u043d\\u0442\", \"object\": \"\\u041a\\u041e\\u0426\\u0423\\u0420 \\u0422\\u0418\\u041c\\u0423\\u0420 \\u0415\\u0412\\u0413\\u0415\\u041d\\u042c\\u0415\\u0412\\u0418\\u0427\", \"fields\": [\"\\u041f\\u0430\\u0440\\u043e\\u043b\\u044c\"]}}, {\"changed\": {\"name\": \"\\u0421\\u0442\\u0443\\u0434\\u0435\\u043d\\u0442\", \"object\": \"\\u041a\\u0423\\u0421\\u0415\\u041d\\u041a\\u041e\\u0412\\u0410 \\u041a\\u0418\\u0420\\u0410 \\u0418\\u0413\\u041e\\u0420\\u0415\\u0412\\u041d\\u0410\", \"fields\": [\"\\u041f\\u0430\\u0440\\u043e\\u043b\\u044c\"]}}, {\"changed\": {\"name\": \"\\u0421\\u0442\\u0443\\u0434\\u0435\\u043d\\u0442\", \"object\": \"\\u041b\\u041e\\u0412\\u0427\\u0418\\u0419 \\u0412\\u041b\\u0410\\u0414\\u0418\\u0421\\u041b\\u0410\\u0412 \\u0412\\u0418\\u0422\\u0410\\u041b\\u042c\\u0415\\u0412\\u0418\\u0427\", \"fields\": [\"\\u041f\\u0430\\u0440\\u043e\\u043b\\u044c\"]}}, {\"changed\": {\"name\": \"\\u0421\\u0442\\u0443\\u0434\\u0435\\u043d\\u0442\", \"object\": \"\\u041c\\u041e\\u0425\\u041e\\u0412\\u0426\\u041e\\u0412 \\u0412\\u0410\\u0414\\u0418\\u041c \\u041d\\u0418\\u041a\\u041e\\u041b\\u0410\\u0415\\u0412\\u0418\\u0427\", \"fields\": [\"\\u041f\\u0430\\u0440\\u043e\\u043b\\u044c\"]}}, {\"changed\": {\"name\": \"\\u0421\\u0442\\u0443\\u0434\\u0435\\u043d\\u0442\", \"object\": \"\\u041f\\u0410\\u0420\\u0425\\u041e\\u041c\\u0427\\u0423\\u041a \\u0410\\u041b\\u0415\\u041a\\u0421\\u0410\\u041d\\u0414\\u0420\\u0410 \\u041d\\u0418\\u041a\\u041e\\u041b\\u0410\\u0415\\u0412\\u041d\\u0410\", \"fields\": [\"\\u041f\\u0430\\u0440\\u043e\\u043b\\u044c\"]}}, {\"changed\": {\"name\": \"\\u0421\\u0442\\u0443\\u0434\\u0435\\u043d\\u0442\", \"object\": \"\\u041f\\u0410\\u0428\\u041a\\u041e\\u0412\\u0421\\u041a\\u0418\\u0419 \\u0418\\u041b\\u042c\\u042f \\u041d\\u0418\\u041a\\u041e\\u041b\\u0410\\u0415\\u0412\\u0418\\u0427\", \"fields\": [\"\\u041f\\u0430\\u0440\\u043e\\u043b\\u044c\"]}}, {\"changed\": {\"name\": \"\\u0421\\u0442\\u0443\\u0434\\u0435\\u043d\\u0442\", \"object\": \"\\u0420\\u0410\\u0427\\u041a\\u041e\\u0412 \\u041d\\u0418\\u041a\\u0418\\u0422\\u0410 \\u042e\\u0420\\u042c\\u0415\\u0412\\u0418\\u0427\", \"fields\": [\"\\u041f\\u0430\\u0440\\u043e\\u043b\\u044c\"]}}, {\"changed\": {\"name\": \"\\u0421\\u0442\\u0443\\u0434\\u0435\\u043d\\u0442\", \"object\": \"\\u0420\\u0423\\u0410\\u0414\\u0417\\u0415 \\u0418\\u0420\\u0418\\u041d\\u0410 \\u0413\\u0415\\u041e\\u0420\\u0413\\u0418\\u0415\\u0412\\u041d\\u0410\", \"fields\": [\"\\u041f\\u0430\\u0440\\u043e\\u043b\\u044c\"]}}, {\"changed\": {\"name\": \"\\u0421\\u0442\\u0443\\u0434\\u0435\\u043d\\u0442\", \"object\": \"\\u0421\\u0410\\u0412\\u0418\\u0426\\u041a\\u0410\\u042f \\u0415\\u041b\\u0418\\u0417\\u0410\\u0412\\u0415\\u0422\\u0410 \\u0421\\u0415\\u0420\\u0413\\u0415\\u0415\\u0412\\u041d\\u0410\", \"fields\": [\"\\u041f\\u0430\\u0440\\u043e\\u043b\\u044c\"]}}]"
  }
},
{
  "model": "admin.logentry",
  "pk": 74,
  "fields": {
    "action_time": "2026-07-15T11:27:59.024Z",
    "user": [
      "lz42"
    ],
    "content_type": [
      "students",
      "studentgroup"
    ],
    "object_id": "1",
    "object_repr": "5142251",
    "action_flag": 2,
    "change_message": "[{\"added\": {\"name\": \"\\u0421\\u0442\\u0443\\u0434\\u0435\\u043d\\u0442\", \"object\": \"\\u0427\\u0415\\u041a\\u0423\\u041d \\u0414\\u0410\\u041d\\u0418\\u0418\\u041b \\u041d\\u0418\\u041a\\u041e\\u041b\\u0410\\u0415\\u0412\\u0418\\u0427\"}}, {\"added\": {\"name\": \"\\u0421\\u0442\\u0443\\u0434\\u0435\\u043d\\u0442\", \"object\": \"\\u0428\\u041b\\u042b\\u041a\\u041e\\u0412 \\u041a\\u0418\\u0420\\u0418\\u041b\\u041b \\u0410\\u041b\\u0415\\u041a\\u0421\\u0410\\u041d\\u0414\\u0420\\u041e\\u0412\\u0418\\u0427\"}}, {\"added\": {\"name\": \"\\u0421\\u0442\\u0443\\u0434\\u0435\\u043d\\u0442\", \"object\": \"\\u0428\\u0423\\u041c\\u0415\\u0419\\u041a\\u041e \\u0412\\u0410\\u041b\\u0415\\u0420\\u0418\\u042f \\u0410\\u041b\\u0415\\u041a\\u0421\\u0415\\u0415\\u0412\\u041d\\u0410\"}}, {\"added\": {\"name\": \"\\u0421\\u0442\\u0443\\u0434\\u0435\\u043d\\u0442\", \"object\": \"\\u0428\\u0423\\u0420\\u0423\\u0411\\u041e\\u0412\\u0410 \\u0417\\u041b\\u0410\\u0422\\u0410 \\u041c\\u0418\\u0425\\u0410\\u0419\\u041b\\u041e\\u0412\\u041d\\u0410\"}}]"
  }
},
{
  "model": "admin.logentry",
  "pk": 75,
  "fields": {
    "action_time": "2026-07-15T12:04:52.737Z",
    "user": [
      "lz42"
    ],
    "content_type": [
      "subject",
      "subject"
    ],
    "object_id": "2",
    "object_repr": "Тестирование программного обеспечения",
    "action_flag": 1,
    "change_message": "[{\"added\": {}}]"
  }
},
{
  "model": "admin.logentry",
  "pk": 76,
  "fields": {
    "action_time": "2026-07-15T12:05:28.088Z",
    "user": [
      "lz42"
    ],
    "content_type": [
      "course",
      "course"
    ],
    "object_id": "2",
    "object_repr": "Тестирование ПО 2026",
    "action_flag": 1,
    "change_message": "[{\"added\": {}}]"
  }
},
{
  "model": "admin.logentry",
  "pk": 77,
  "fields": {
    "action_time": "2026-07-15T12:10:53.659Z",
    "user": [
      "lz42"
    ],
    "content_type": [
      "course",
      "course"
    ],
    "object_id": "2",
    "object_repr": "Тестирование ПО 2026",
    "action_flag": 2,
    "change_message": "[{\"added\": {\"name\": \"\\u041f\\u0440\\u0430\\u0432\\u0430 \\u0433\\u0440\\u0443\\u043f\\u043f\\u044b \\u043d\\u0430 \\u043a\\u0443\\u0440\\u0441\", \"object\": \"\\u0420\\u0435\\u043a\\u0442\\u043e\\u0440\\u0430\\u0442 \\u2014 \\u0422\\u0435\\u0441\\u0442\\u0438\\u0440\\u043e\\u0432\\u0430\\u043d\\u0438\\u0435 \\u041f\\u041e 2026 (\\u0422\\u043e\\u043b\\u044c\\u043a\\u043e \\u043f\\u0440\\u043e\\u0441\\u043c\\u043e\\u0442\\u0440)\"}}, {\"added\": {\"name\": \"\\u041f\\u0440\\u0430\\u0432\\u0430 \\u0433\\u0440\\u0443\\u043f\\u043f\\u044b \\u043d\\u0430 \\u043a\\u0443\\u0440\\u0441\", \"object\": \"\\u0423\\u041c\\u041e \\u2014 \\u0422\\u0435\\u0441\\u0442\\u0438\\u0440\\u043e\\u0432\\u0430\\u043d\\u0438\\u0435 \\u041f\\u041e 2026 (\\u0422\\u043e\\u043b\\u044c\\u043a\\u043e \\u043f\\u0440\\u043e\\u0441\\u043c\\u043e\\u0442\\u0440)\"}}]"
  }
},
{
  "model": "admin.logentry",
  "pk": 78,
  "fields": {
    "action_time": "2026-07-15T12:12:00.314Z",
    "user": [
      "lz42"
    ],
    "content_type": [
      "subject",
      "subject"
    ],
    "object_id": "3",
    "object_repr": "Теория информации",
    "action_flag": 1,
    "change_message": "[{\"added\": {}}]"
  }
},
{
  "model": "admin.logentry",
  "pk": 79,
  "fields": {
    "action_time": "2026-07-15T12:12:13.545Z",
    "user": [
      "lz42"
    ],
    "content_type": [
      "course",
      "course"
    ],
    "object_id": "3",
    "object_repr": "Теория информации 2026",
    "action_flag": 1,
    "change_message": "[{\"added\": {}}]"
  }
},
{
  "model": "admin.logentry",
  "pk": 80,
  "fields": {
    "action_time": "2026-07-15T12:33:26.087Z",
    "user": [
      "lz42"
    ],
    "content_type": [
      "students",
      "studentgroup"
    ],
    "object_id": "1",
    "object_repr": "5142251",
    "action_flag": 2,
    "change_message": "[{\"changed\": {\"fields\": [\"\\u0413\\u043e\\u0434 \\u043f\\u043e\\u0441\\u0442\\u0443\\u043f\\u043b\\u0435\\u043d\\u0438\\u044f\", \"\\u0421\\u0440\\u043e\\u043a \\u043e\\u0431\\u0443\\u0447\\u0435\\u043d\\u0438\\u044f (\\u043b\\u0435\\u0442)\", \"\\u0424\\u0430\\u043a\\u0443\\u043b\\u044c\\u0442\\u0435\\u0442\"]}}]"
  }
},
{
  "model": "admin.logentry",
  "pk": 81,
  "fields": {
    "action_time": "2026-07-15T12:48:18.828Z",
    "user": [
      "lz42"
    ],
    "content_type": [
      "students",
      "studentgroup"
    ],
    "object_id": "2",
    "object_repr": "5142241",
    "action_flag": 1,
    "change_message": "[{\"added\": {}}]"
  }
},
{
  "model": "admin.logentry",
  "pk": 82,
  "fields": {
    "action_time": "2026-07-15T12:48:29.316Z",
    "user": [
      "lz42"
    ],
    "content_type": [
      "students",
      "studentgroup"
    ],
    "object_id": "1",
    "object_repr": "5142251",
    "action_flag": 2,
    "change_message": "[{\"changed\": {\"fields\": [\"\\u0424\\u043e\\u0440\\u043c\\u0430 \\u043f\\u043e\\u043b\\u0443\\u0447\\u0435\\u043d\\u0438\\u044f \\u043e\\u0431\\u0440\\u0430\\u0437\\u043e\\u0432\\u0430\\u043d\\u0438\\u044f\"]}}]"
  }
},
{
  "model": "admin.logentry",
  "pk": 83,
  "fields": {
    "action_time": "2026-07-15T12:49:03.955Z",
    "user": [
      "lz42"
    ],
    "content_type": [
      "students",
      "studentgroup"
    ],
    "object_id": "3",
    "object_repr": "5142231",
    "action_flag": 1,
    "change_message": "[{\"added\": {}}]"
  }
},
{
  "model": "admin.logentry",
  "pk": 84,
  "fields": {
    "action_time": "2026-07-15T12:53:59.743Z",
    "user": [
      "lz42"
    ],
    "content_type": [
      "students",
      "studentgroup"
    ],
    "object_id": "2",
    "object_repr": "5142241",
    "action_flag": 2,
    "change_message": "[{\"added\": {\"name\": \"\\u0421\\u0442\\u0443\\u0434\\u0435\\u043d\\u0442\", \"object\": \"\\u0411\\u0410\\u0416\\u0410\\u041d\\u041e\\u0412\\u0410 \\u041b\\u0418\\u0414\\u0418\\u042f \\u0418\\u0412\\u0410\\u041d\\u041e\\u0412\\u041d\\u0410\"}}, {\"added\": {\"name\": \"\\u0421\\u0442\\u0443\\u0434\\u0435\\u043d\\u0442\", \"object\": \"\\u0411\\u0415\\u041b\\u042f\\u0426\\u041a\\u0410\\u042f \\u0412\\u0418\\u041a\\u0422\\u041e\\u0420\\u0418\\u042f \\u0412\\u0418\\u041a\\u0422\\u041e\\u0420\\u041e\\u0412\\u041d\\u0410\"}}, {\"added\": {\"name\": \"\\u0421\\u0442\\u0443\\u0434\\u0435\\u043d\\u0442\", \"object\": \"\\u0411\\u041b\\u0418\\u0417\\u041d\\u042f\\u041a\\u041e\\u0412\\u0410 \\u042f\\u0420\\u041e\\u0421\\u041b\\u0410\\u0412\\u0410 \\u041b\\u0415\\u041e\\u041d\\u0418\\u0414\\u041e\\u0412\\u041d\\u0410\"}}, {\"added\": {\"name\": \"\\u0421\\u0442\\u0443\\u0434\\u0435\\u043d\\u0442\", \"object\": \"\\u0411\\u041e\\u0420\\u0418\\u0421\\u0415\\u041d\\u041a\\u041e \\u0410\\u0420\\u0422\\u0401\\u041c \\u0410\\u041b\\u0415\\u041a\\u0421\\u0410\\u041d\\u0414\\u0420\\u041e\\u0412\\u0418\\u0427\"}}, {\"added\": {\"name\": \"\\u0421\\u0442\\u0443\\u0434\\u0435\\u043d\\u0442\", \"object\": \"\\u0412\\u0415\\u041d\\u0413\\u041b\\u0418\\u041d\\u0421\\u041a\\u0418\\u0419 \\u0420\\u041e\\u041c\\u0410\\u041d \\u0412\\u0418\\u041a\\u0422\\u041e\\u0420\\u041e\\u0412\\u0418\\u0427\"}}, {\"added\": {\"name\": \"\\u0421\\u0442\\u0443\\u0434\\u0435\\u043d\\u0442\", \"object\": \"\\u0413\\u041e\\u0420\\u0414\\u0415\\u0419\\u0427\\u0423\\u041a \\u0410\\u041d\\u0410\\u0421\\u0422\\u0410\\u0421\\u0418\\u042f \\u0418\\u0412\\u0410\\u041d\\u041e\\u0412\\u041d\\u0410\"}}, {\"added\": {\"name\": \"\\u0421\\u0442\\u0443\\u0434\\u0435\\u043d\\u0442\", \"object\": \"\\u0413\\u0420\\u0418\\u0413\\u041e\\u0420\\u042c\\u0415\\u0412 \\u0412\\u041b\\u0410\\u0414\\u0418\\u0421\\u041b\\u0410\\u0412 \\u0413\\u0415\\u041d\\u041d\\u0410\\u0414\\u042c\\u0415\\u0412\\u0418\\u0427\"}}, {\"added\": {\"name\": \"\\u0421\\u0442\\u0443\\u0434\\u0435\\u043d\\u0442\", \"object\": \"\\u0414\\u0410\\u0428\\u041a\\u0415\\u0412\\u0418\\u0427 \\u0412\\u041b\\u0410\\u0414\\u0418\\u0421\\u041b\\u0410\\u0412 \\u0418\\u0412\\u0410\\u041d\\u041e\\u0412\\u0418\\u0427\"}}, {\"added\": {\"name\": \"\\u0421\\u0442\\u0443\\u0434\\u0435\\u043d\\u0442\", \"object\": \"\\u0414\\u0415\\u041c\\u0418\\u0420 \\u041d\\u0415\\u0414\\u0416\\u0418\\u041f\"}}, {\"added\": {\"name\": \"\\u0421\\u0442\\u0443\\u0434\\u0435\\u043d\\u0442\", \"object\": \"\\u0414\\u0415\\u041d\\u0418\\u0421\\u0415\\u041d\\u041a\\u041e \\u041c\\u0418\\u0425\\u0410\\u0418\\u041b \\u0410\\u0420\\u041a\\u0410\\u0414\\u042c\\u0415\\u0412\\u0418\\u0427\"}}, {\"added\": {\"name\": \"\\u0421\\u0442\\u0443\\u0434\\u0435\\u043d\\u0442\", \"object\": \"\\u0414\\u041e\\u041b\\u0413\\u0410\\u041b\\u041e \\u041c\\u0410\\u041a\\u0421\\u0418\\u041c \\u0412\\u0418\\u041a\\u0422\\u041e\\u0420\\u041e\\u0412\\u0418\\u0427\"}}, {\"added\": {\"name\": \"\\u0421\\u0442\\u0443\\u0434\\u0435\\u043d\\u0442\", \"object\": \"\\u0416\\u0423\\u0420\\u0410\\u0412\\u041b\\u0415\\u0412\\u0418\\u0427 \\u0410\\u0420\\u0422\\u0401\\u041c \\u0414\\u041c\\u0418\\u0422\\u0420\\u0418\\u0415\\u0412\\u0418\\u0427\"}}, {\"added\": {\"name\": \"\\u0421\\u0442\\u0443\\u0434\\u0435\\u043d\\u0442\", \"object\": \"\\u0418\\u0421\\u0410\\u0415\\u041d\\u041a\\u041e \\u0410\\u041d\\u0414\\u0420\\u0415\\u0419 \\u0414\\u0415\\u041d\\u0418\\u0421\\u041e\\u0412\\u0418\\u0427\"}}, {\"added\": {\"name\": \"\\u0421\\u0442\\u0443\\u0434\\u0435\\u043d\\u0442\", \"object\": \"\\u041a\\u0410\\u0420\\u0410\\u0414\\u0415\\u041c\\u0418\\u0420 \\u041c\\u0415\\u0420\\u0422\"}}, {\"added\": {\"name\": \"\\u0421\\u0442\\u0443\\u0434\\u0435\\u043d\\u0442\", \"object\": \"\\u041a\\u041e\\u041c\\u0410\\u0420\\u041e\\u0412 \\u0422\\u0418\\u041c\\u041e\\u0424\\u0415\\u0419 \\u0414\\u041c\\u0418\\u0422\\u0420\\u0418\\u0415\\u0412\\u0418\\u0427\"}}, {\"added\": {\"name\": \"\\u0421\\u0442\\u0443\\u0434\\u0435\\u043d\\u0442\", \"object\": \"\\u041b\\u0418\\u0421\\u0422\\u041e\\u041f\\u0410\\u0414\\u041e\\u0412 \\u0414\\u0415\\u041d\\u0418\\u0421 \\u0412\\u041b\\u0410\\u0414\\u0418\\u041c\\u0418\\u0420\\u041e\\u0412\\u0418\\u0427\"}}, {\"added\": {\"name\": \"\\u0421\\u0442\\u0443\\u0434\\u0435\\u043d\\u0442\", \"object\": \"\\u041c\\u0415\\u0414\\u0412\\u0415\\u0414\\u0401\\u0412\\u0410 \\u0414\\u0410\\u0420\\u042c\\u042f \\u0410\\u041b\\u0415\\u041a\\u0421\\u0410\\u041d\\u0414\\u0420\\u041e\\u0412\\u041d\\u0410\"}}, {\"added\": {\"name\": \"\\u0421\\u0442\\u0443\\u0434\\u0435\\u043d\\u0442\", \"object\": \"\\u041c\\u0415\\u041b\\u042c\\u041d\\u0418\\u041a\\u041e\\u0412 \\u041c\\u0410\\u041a\\u0421\\u0418\\u041c \\u0410\\u041b\\u0415\\u041a\\u0421\\u0410\\u041d\\u0414\\u0420\\u041e\\u0412\\u0418\\u0427\"}}, {\"added\": {\"name\": \"\\u0421\\u0442\\u0443\\u0434\\u0435\\u043d\\u0442\", \"object\": \"\\u041c\\u0415\\u041b\\u042e\\u0425 \\u041a\\u0418\\u0420\\u0418\\u041b\\u041b \\u0421\\u0415\\u0420\\u0413\\u0415\\u0415\\u0412\\u0418\\u0427\"}}, {\"added\": {\"name\": \"\\u0421\\u0442\\u0443\\u0434\\u0435\\u043d\\u0442\", \"object\": \"\\u041c\\u042f\\u0421\\u041e\\u0415\\u0414\\u041e\\u0412 \\u0421\\u0422\\u0410\\u041d\\u0418\\u0421\\u041b\\u0410\\u0412 \\u0410\\u041d\\u0414\\u0420\\u0415\\u0415\\u0412\\u0418\\u0427\"}}, {\"added\": {\"name\": \"\\u0421\\u0442\\u0443\\u0434\\u0435\\u043d\\u0442\", \"object\": \"\\u041f\\u0415\\u0422\\u0420\\u0410\\u0427\\u041a\\u041e\\u0412 \\u041d\\u0418\\u041a\\u0418\\u0422\\u0410 \\u0412\\u0410\\u0421\\u0418\\u041b\\u042c\\u0415\\u0412\\u0418\\u0427\"}}, {\"added\": {\"name\": \"\\u0421\\u0442\\u0443\\u0434\\u0435\\u043d\\u0442\", \"object\": \"\\u0421\\u0423\\u0429\\u0418\\u041d\\u0421\\u041a\\u0418\\u0419 \\u0418\\u041b\\u042c\\u042f \\u0410\\u041b\\u0415\\u041a\\u0421\\u0410\\u041d\\u0414\\u0420\\u041e\\u0412\\u0418\\u0427\"}}, {\"added\": {\"name\": \"\\u0421\\u0442\\u0443\\u0434\\u0435\\u043d\\u0442\", \"object\": \"\\u0425\\u0410\\u0412\\u0410\\u041d\\u0421\\u041a\\u0418\\u0419 \\u0410\\u0420\\u0421\\u0415\\u041d\\u0418\\u0419 \\u041c\\u0410\\u041a\\u0421\\u0418\\u041c\\u041e\\u0412\\u0418\\u0427\"}}, {\"added\": {\"name\": \"\\u0421\\u0442\\u0443\\u0434\\u0435\\u043d\\u0442\", \"object\": \"\\u042e\\u0420\\u0418\\u0426\\u041a\\u0418\\u0419 \\u041d\\u0418\\u041a\\u0418\\u0422\\u0410 \\u0421\\u0422\\u0410\\u041d\\u0418\\u0421\\u041b\\u0410\\u0412\\u041e\\u0412\\u0418\\u0427\"}}]"
  }
},
{
  "model": "admin.logentry",
  "pk": 85,
  "fields": {
    "action_time": "2026-07-15T12:58:02.776Z",
    "user": [
      "lz42"
    ],
    "content_type": [
      "course",
      "course"
    ],
    "object_id": "1",
    "object_repr": "СП 2026",
    "action_flag": 2,
    "change_message": "[{\"added\": {\"name\": \"\\u041f\\u0440\\u0430\\u0432\\u0430 \\u043f\\u043e\\u043b\\u044c\\u0437\\u043e\\u0432\\u0430\\u0442\\u0435\\u043b\\u044f \\u043d\\u0430 \\u043a\\u0443\\u0440\\u0441\", \"object\": \"lz42 \\u2014 \\u0421\\u041f 2026 (\\u041f\\u043e\\u043b\\u043d\\u044b\\u0439 \\u0434\\u043e\\u0441\\u0442\\u0443\\u043f)\"}}, {\"added\": {\"name\": \"\\u041f\\u0440\\u0430\\u0432\\u0430 \\u043f\\u043e\\u043b\\u044c\\u0437\\u043e\\u0432\\u0430\\u0442\\u0435\\u043b\\u044f \\u043d\\u0430 \\u043a\\u0443\\u0440\\u0441\", \"object\": \"aiv439 \\u2014 \\u0421\\u041f 2026 (\\u0422\\u043e\\u043b\\u044c\\u043a\\u043e \\u043f\\u0440\\u043e\\u0441\\u043c\\u043e\\u0442\\u0440)\"}}, {\"added\": {\"name\": \"\\u041f\\u0440\\u0430\\u0432\\u0430 \\u043f\\u043e\\u043b\\u044c\\u0437\\u043e\\u0432\\u0430\\u0442\\u0435\\u043b\\u044f \\u043d\\u0430 \\u043a\\u0443\\u0440\\u0441\", \"object\": \"snv123 \\u2014 \\u0421\\u041f 2026 (\\u0422\\u043e\\u043b\\u044c\\u043a\\u043e \\u043f\\u0440\\u043e\\u0441\\u043c\\u043e\\u0442\\u0440)\"}}, {\"changed\": {\"name\": \"\\u041f\\u0440\\u0430\\u0432\\u0430 \\u0433\\u0440\\u0443\\u043f\\u043f\\u044b \\u043d\\u0430 \\u043a\\u0443\\u0440\\u0441\", \"object\": \"\\u0420\\u0435\\u043a\\u0442\\u043e\\u0440\\u0430\\u0442 \\u2014 \\u0421\\u041f 2026 (\\u0422\\u043e\\u043b\\u044c\\u043a\\u043e \\u043f\\u0440\\u043e\\u0441\\u043c\\u043e\\u0442\\u0440)\", \"fields\": [\"\\u0413\\u0440\\u0443\\u043f\\u043f\\u0430\"]}}]"
  }
},
{
  "model": "admin.logentry",
  "pk": 86,
  "fields": {
    "action_time": "2026-07-15T12:58:18.217Z",
    "user": [
      "lz42"
    ],
    "content_type": [
      "course",
      "course"
    ],
    "object_id": "1",
    "object_repr": "СП 2026",
    "action_flag": 2,
    "change_message": "[{\"added\": {\"name\": \"\\u041f\\u0440\\u0430\\u0432\\u0430 \\u0433\\u0440\\u0443\\u043f\\u043f\\u044b \\u043d\\u0430 \\u043a\\u0443\\u0440\\u0441\", \"object\": \"\\u0423\\u041c\\u041e \\u2014 \\u0421\\u041f 2026 (\\u0422\\u043e\\u043b\\u044c\\u043a\\u043e \\u043f\\u0440\\u043e\\u0441\\u043c\\u043e\\u0442\\u0440)\"}}]"
  }
},
{
  "model": "admin.logentry",
  "pk": 87,
  "fields": {
    "action_time": "2026-07-15T12:58:29.259Z",
    "user": [
      "lz42"
    ],
    "content_type": [
      "course",
      "course"
    ],
    "object_id": "1",
    "object_repr": "СП 2026",
    "action_flag": 2,
    "change_message": "[{\"added\": {\"name\": \"\\u0413\\u0440\\u0443\\u043f\\u043f\\u0430 \\u0441\\u0442\\u0443\\u0434\\u0435\\u043d\\u0442\\u043e\\u0432 \\u043a\\u0443\\u0440\\u0441\\u0430\", \"object\": \"\\u0421\\u041f 2026 \\u2014 5142251\"}}]"
  }
},
{
  "model": "admin.logentry",
  "pk": 88,
  "fields": {
    "action_time": "2026-07-15T13:01:46.204Z",
    "user": [
      "lz42"
    ],
    "content_type": [
      "course",
      "coursegroupstudent"
    ],
    "object_id": "1",
    "object_repr": "СП 2026 — 5142251",
    "action_flag": 2,
    "change_message": "[]"
  }
},
{
  "model": "admin.logentry",
  "pk": 89,
  "fields": {
    "action_time": "2026-07-15T13:01:52.618Z",
    "user": [
      "lz42"
    ],
    "content_type": [
      "course",
      "coursegroupstudent"
    ],
    "object_id": "2",
    "object_repr": "СП 2026 — 5142241",
    "action_flag": 1,
    "change_message": "[{\"added\": {}}]"
  }
},
{
  "model": "admin.logentry",
  "pk": 90,
  "fields": {
    "action_time": "2026-07-15T13:11:34.058Z",
    "user": [
      "lz42"
    ],
    "content_type": [
      "course",
      "course"
    ],
    "object_id": "3",
    "object_repr": "Теория информации 2026",
    "action_flag": 2,
    "change_message": "[{\"changed\": {\"fields\": [\"\\u0418\\u0434\\u0435\\u043d\\u0442\\u0438\\u0444\\u0438\\u043a\\u0430\\u0442\\u043e\\u0440\"]}}]"
  }
},
{
  "model": "admin.logentry",
  "pk": 91,
  "fields": {
    "action_time": "2026-07-15T13:17:55.890Z",
    "user": [
      "lz42"
    ],
    "content_type": [
      "course",
      "course"
    ],
    "object_id": "4",
    "object_repr": "уу",
    "action_flag": 1,
    "change_message": "[{\"added\": {}}]"
  }
},
{
  "model": "admin.logentry",
  "pk": 92,
  "fields": {
    "action_time": "2026-07-15T13:19:44.372Z",
    "user": [
      "lz42"
    ],
    "content_type": [
      "course",
      "course"
    ],
    "object_id": "4",
    "object_repr": "уу",
    "action_flag": 3,
    "change_message": ""
  }
},
{
  "model": "admin.logentry",
  "pk": 93,
  "fields": {
    "action_time": "2026-07-15T13:47:01.013Z",
    "user": [
      "lz42"
    ],
    "content_type": [
      "course",
      "coursetopic"
    ],
    "object_id": "1",
    "object_repr": "параграф78: Введение в программирование",
    "action_flag": 1,
    "change_message": "[{\"added\": {}}]"
  }
},
{
  "model": "admin.logentry",
  "pk": 94,
  "fields": {
    "action_time": "2026-07-15T14:00:45.002Z",
    "user": [
      "lz42"
    ],
    "content_type": [
      "course",
      "learningunit"
    ],
    "object_id": "1",
    "object_repr": "скачайте файл",
    "action_flag": 1,
    "change_message": "[{\"added\": {}}]"
  }
}
]
